nombre,lat,lng,az,parroquia
AMAGUAÑA,-0.385423,-78.509589, LOS CHILLOS,AMAGUAÑA
ESCUELA ARMADA NACIONAL,-0.226492,-78.529998, MANUELA SAENZ,LA LIBERTAD
CANCHAS OLALLA,-0.2303851,-78.3397461, TUMBACO,PIFO
BARRIO 15 DE JULIO,-0.1176133,-78.5175417, LA DELICIA ,EL CONDADO
PLAZA REAL CALDERON,-0.098656,-78.422397,CALDERON,CALDERON
QUEBRADA CURIQUINGUE,-0.063083,-78.453056,CALDERON,CALDERON
IGLESIA SANTA ANA DE CALDERON,-0.096187,-78.402462,CALDERON,CALDERON
CASA COMUNAL LUZ Y VIDA CALDERON,-0.070926,-78.437544,CALDERON,CALDERON
PARQUE CALLE LINARES CALDERON,-0.1170434,-78.4512894,CALDERON,CALDERON
CARAPUNGO,-0.1065689,-78.4207964,CALDERON,CALDERON
PARQUE SANJALOMA,-0.2957746089,-78.409538269, LOS CHILLOS,LA MERCED
CENTRO MEDICO HILDEGARDA,-0.083176,-78.510675, LA DELICIA ,EL CONDADO
CANCHA LLANO CHICO,-0.123161,-78.458672,CALDERON,LLANO CHICO
CALDERON,-0.0990467,-78.42188,CALDERON,CALDERON
CEMEI CARAPUNGO,-0.096009,-78.4516917,CALDERON,CALDERON
PARQUE MARIANITA DE JESUS,-0.0963,-78.4377,CALDERON,CALDERON
PARQUE ARGELIA ALTA,-0.2852,-78.5331,ELOY ALFARO,LA ARGELIA
CASA BARRIAL LA VAQUERÃA,-0.3926033,-78.5026667, LOS CHILLOS,AMAGUAÑA
PARQUE CARAPUNGO,-0.0932792,-78.4509251,CALDERON,CALDERON
IGLESIA USHIMANA LOS CHILLOS,-0.303424,-78.432898, LOS CHILLOS,ALANGASI
PARADA TRANS CAPELO,-0.329393,-78.498312, LOS CHILLOS,AMAGUAÑA
GUAGUA CENTRO CIUDAD BICENTENARIO,-0.0656885,-78.4513447,CALDERON,CALDERON
CONOCOTO,-0.318282,-78.485215, LOS CHILLOS,CONOCOTO
MERCADO CHIRIYACU,-0.2484988,-78.5177496,ELOY ALFARO,CHIMBACALLE
ALANGASI,-0.3087,-78.4156, LOS CHILLOS,ALANGASI
IGLESIA SAN JOSE EL TINGO,-0.2837425,-78.4369736, LOS CHILLOS,ALANGASI
ESCUELA ERNESTO CHE GEVARA,-0.3284834,-78.5776072,QUITUMBE,LA ECUATORIANA
CASA BARRIAL LOS CHILLOS,-0.2864866,-78.4712681, LOS CHILLOS,CONOCOTO
MERCADO COTOCOLLAO,-0.115905,-78.490006, LA DELICIA ,PONCEANO
MERCADO SAN FRANCISCO,-0.220005,-78.518356, MANUELA SAENZ,CENTRO HISTORICO
MERCADO DE CAUPICHO,-0.3300171724,-78.5364532471,QUITUMBE,TURUBAMBA
MERCADO DE AMAGUAÑA,-0.3767,-78.5077, LOS CHILLOS,AMAGUAÑA
PARQUE DEL ENCUENTRO,-0.1843,-78.5001, EUGENIO ESPEJO ,RUMIPAMBA
SUPERMERCADO METROPOLITANO DEL NORTE,-0.139429,-78.5005165, EUGENIO ESPEJO ,LA CONCEPCION
MERCADO MENA DOS,-0.2582976,-78.5525506,ELOY ALFARO,LA MENA
ESTADIO NANEGALITO,0.0604322,-78.6826878,CHOCO ANDINO,NANEGALITO
MERCADO DE TOCTIUCO,-0.2097144,-78.5222299, MANUELA SAENZ,SAN JUAN
MERCADO SAN ROQUE,-0.2184775082,-78.5217202195, MANUELA SAENZ,LA LIBERTAD
MERCADO SAN JUAN,-0.2101021,-78.5116377, MANUELA SAENZ,SAN JUAN
MERCADO LA MAGDALENA,-0.2415179,-78.5297873,ELOY ALFARO,LA MAGDALENA
MERCADO BELLAVISTA,-0.1897725,-78.4714192, EUGENIO ESPEJO ,IÑAQUITO
MERCADO DE SOLANDA,-0.2687899,-78.5430372,ELOY ALFARO,SOLANDA
MERCADO DE CONOCOTO,-0.2974283,-78.4804313, LOS CHILLOS,CONOCOTO
MERCADO CUMBAYA,-0.200867,-78.433837, TUMBACO,CUMBAYA
MERCADO DE CARAPUNGO,-0.0962379,-78.4506818,CALDERON,CALDERON
MERCADO LA KENNEDY,-0.1395295,-78.4779727, EUGENIO ESPEJO ,KENNEDY
MERCADO COMITE DEL PUEBLO,-0.1189525,-78.4655356, LA DELICIA ,COMITE DEL PUEBLO
MERCADO SANTA MARTHA DE CHILLOGALLO,-0.276045,-78.559145,QUITUMBE,CHILLOGALLO
MERCADO CENTRAL,-0.219845,-78.507137, MANUELA SAENZ,CENTRO HISTORICO
MERCADO SANTA CLARA,-0.199831,-78.4999794,LA MARISCAL,BELISARIO QUEVEDO
LIGA DEPORTIVA BARRIAL HIERBA BUENA,-0.27579,-78.521482,ELOY ALFARO,LA ARGELIA
COLEGIO MONTUFAR,-0.240344,-78.509984,ELOY ALFARO,CHIMBACALLE
CASA DE LA CULTURA,-0.2115148,-78.4975763, MANUELA SAENZ,ITCHIMBIA
PARQUE CENTRAL LA CAPILLA CALDERON,-0.1145884,-78.4129771,CALDERON,CALDERON
PARQUE LINEAL BICENTENARIO1,-0.0666401,-78.4532192,CALDERON,CALDERON
UPC SANTA ISABEL,-0.3422,-78.4797, LOS CHILLOS,AMAGUAÑA
COCHAPAMBA,-0.1584762,-78.504036, EUGENIO ESPEJO ,COCHAPAMBA
ECOVIA CASADELACULTURA,-0.211644,-78.4961512, MANUELA SAENZ,ITCHIMBIA
DIVERSIDADES,-0.2611634,-78.5235514,ELOY ALFARO,SAN BARTOLO
COMITE PROMEJORAS BUENAVENTURA ALTA,-0.2791442,-78.5858267,QUITUMBE,CHILLOGALLO
TUMBACO,-0.2121,-78.4049, TUMBACO,TUMBACO
COTOCOLLAO,-0.1106748,-78.4996276, LA DELICIA ,COTOCOLLAO
PARQUE SUCRE,-0.22,-78.5001, MANUELA SAENZ,ITCHIMBIA
CASA SOMOS SAN DIEGO,-0.223874718,-78.5214920044, MANUELA SAENZ,CENTRO HISTORICO
PARQUE SAUSALITO,-0.304,-78.4869, LOS CHILLOS,CONOCOTO
CALDERON,-0.1002875,-78.4211765,CALDERON,CALDERON
ATAHUALPA,-0.2490028,-78.5276064,ELOY ALFARO,LA MAGDALENA
LLOA,-0.2476875,-78.5826647,ELOY ALFARO,LLOA
PARQUE PASAJE J CARAPUNGO,-0.110657,-78.466017, LA DELICIA ,COMITE DEL PUEBLO
CASA DEL ADULTO MAYOR CALACALI,0.001069,-78.5154606,CHOCO ANDINO,CALACALI
CASA SOMOS TOCTIUCO,-0.208005473,-78.5228729248, MANUELA SAENZ,SAN JUAN
CHILLOGALLO,-0.275939,-78.553182,ELOY ALFARO,LA MENA
PIFO,-0.2253216,-78.3371159, TUMBACO,PIFO
INFOCENTRO ATAHUALPA,-0.1339172,-78.3776584, TUMBACO,PUEMBO
SAN JOSE DE MONJAS,-0.2323483,-78.49372, MANUELA SAENZ,PUENGASI
SAN ANTONIO DE PICHINCHA,-0.0023732,-78.4501093, LA DELICIA ,SAN ANTONIO
ZAMBIZA,-0.148018,-78.440879, EUGENIO ESPEJO ,ZAMBIZA
BELLAVISTA,-0.1876271,-78.4734125, EUGENIO ESPEJO ,IÑAQUITO
SOLANDA,-0.268513,-78.542904,ELOY ALFARO,SOLANDA
COMPLEJO DEPORTIVO SANTA ROSA,-0.380425,-78.4816, LOS CHILLOS,AMAGUAÑA
CASA SOMOS FERROVIARIA,-0.262961,-78.514818,ELOY ALFARO,LA FERROVIARIA
COCOTOC,-0.139745,-78.426, EUGENIO ESPEJO ,ZAMBIZA
CHILIBULO,-0.241936,-78.546573,ELOY ALFARO,CHILIBULO
NAYON,-0.156394,-78.4396048, EUGENIO ESPEJO ,NAYON
ROLDOS PISULI,-0.0855709,-78.5100889, LA DELICIA ,EL CONDADO
CARCELEN BAJO,-0.0772486,-78.4627151, LA DELICIA ,CARCELEN
SAN BARTOLO,-0.2681333,-78.5281967,ELOY ALFARO,SAN BARTOLO
CHIRIYACU,-0.247004,-78.518124,ELOY ALFARO,CHIMBACALLE
CARCELEN ALTO,-0.0887488,-78.4696013, LA DELICIA ,CARCELEN
CANCHA VIRGEN DE LOURDES,-0.2878483,-78.4079467, LOS CHILLOS,LA MERCED
UPC SAN MARCOS ARGELIA,-0.272549,-78.523756,ELOY ALFARO,LA ARGELIA
PUENGASI,-0.2547615,-78.4872541, MANUELA SAENZ,PUENGASI
GUAPULO,-0.1965103,-78.4753252, MANUELA SAENZ,ITCHIMBIA
POMASQUI,-0.057236,-78.454299, LA DELICIA ,POMASQUI
CEDOC GUAMANI,-0.34114,-78.56012,QUITUMBE,GUAMANI
CENTRO HISTORICO,-0.2307127,-78.5154988, MANUELA SAENZ,CENTRO HISTORICO
PARQUE EQUINOCCIAL POMASQUI,-0.0403206,-78.4460094, LA DELICIA ,POMASQUI
PATRONATO SAN JOSE,-0.2207731456,-78.5183258057, MANUELA SAENZ,CENTRO HISTORICO
PARQUE LINEAL CALDERON,-0.099,-78.4361,CALDERON,CALDERON
PARQUE CARDENAL DE LA TORRE,-0.2605597,-78.535764507,ELOY ALFARO,SAN BARTOLO
TERMINAL TERRESTRE QUITUMBE,-0.295308,-78.554848,QUITUMBE,QUITUMBE
PARQUE SAUSALITO,-0.3032,-78.4836, LOS CHILLOS,CONOCOTO
PARQUE DE LA MUJER 2,-0.1850413,-78.4981634, EUGENIO ESPEJO ,RUMIPAMBA
PARQUE LA PUNTILLA CALDERON,-0.08866,-78.4511,CALDERON,CALDERON
CASA SOMOS SAN MARCOS,-0.2248149216,-78.5088729858, MANUELA SAENZ,CENTRO HISTORICO
AV. PATRIA,-0.207571,-78.497865, MANUELA SAENZ,ITCHIMBIA
PARQUE PLAZA CIVICA,-0.096011,-78.452755,CALDERON,CALDERON
TROLE PLAZA DE TOROS,-0.1620266,-78.4856111, EUGENIO ESPEJO ,JIPIJAPA
CASA SOMOS SANTA ANA,-0.2378903231,-78.5196546976,ELOY ALFARO,LA MAGDALENA
UPC LUCHA DE LOS POBRES MEDIA,-0.287126,-78.531052,ELOY ALFARO,LA ARGELIA
CASA SOMOS ROLDOS PISULI,-0.0854898,-78.5098486, LA DELICIA ,EL CONDADO
PLAZA QUITUMBE,-0.2950494,-78.5457516,QUITUMBE,QUITUMBE
CANCHAS DEPORTIVAS CENTRO DE SALUD,-0.273362,-78.518394,ELOY ALFARO,LA ARGELIA
PARQUE BILOXI,-0.2558083,-78.5461149,ELOY ALFARO,LA MENA
PARQUE EL EJIDO 1,-0.2103392,-78.5005455, MANUELA SAENZ,ITCHIMBIA
PARQUE LLANO GRANDE,-0.123499,-78.427204,CALDERON,CALDERON
PARQUE EL CAMPAMENTO,-0.1807418,-78.3735067, TUMBACO,PUEMBO
UNIDAD EDUCATIVA PICHINCHA,-0.208406,-78.520025, MANUELA SAENZ,SAN JUAN
CASA COMUNAL GUAMANI ALTO,-0.329179,-78.557003,QUITUMBE,GUAMANI
SAN JOSE OBRERO,-0.11497,-78.5186417, LA DELICIA ,EL CONDADO
ULTIMA PARADA DE BUSES COCOTOG,-0.140383,-78.411515, EUGENIO ESPEJO ,ZAMBIZA
TROLE JEFFERSON PEREZ,-0.2353,-78.5143,ELOY ALFARO,CHIMBACALLE
PARQUE CUMANDA,-0.2290655,-78.5105437, MANUELA SAENZ,CENTRO HISTORICO
ESTACION MULTIMODAL EL LABRADOR,-0.1545401,-78.4879657, EUGENIO ESPEJO ,LA CONCEPCION
PARQUE SANTA ISABEL LOS CHILLOS,-0.339731,-78.48798, LOS CHILLOS,AMAGUAÑA
PLAZA CIVICA DE CARAPUNGO,-0.0975,-78.4531,CALDERON,CALDERON
PARQUE DE LA MENA 2,-0.2503675,-78.5544663,ELOY ALFARO,LA MENA
CASA BARRIAL VISTA HERMOSA,-0.0851444,-78.5149111, LA DELICIA ,EL CONDADO
SAN JOSE OBRERO,-0.1160567,-78.5186283, LA DELICIA ,EL CONDADO
PARQUE SAN CARLOS,-0.129733,-78.502875, EUGENIO ESPEJO ,LA CONCEPCION
PARQUE LUCIANO ANDRADE MARIN,-0.125815,-78.498255, LA DELICIA ,COTOCOLLAO
PARQUE SAN JOSE LA MAGDALENA,-0.2447156,-78.5271051,ELOY ALFARO,LA MAGDALENA
PARQUE EL CALZADO,-0.255165,-78.5256233,ELOY ALFARO,SAN BARTOLO
BOULEVARD COCOTOG,-0.138641,-78.4319517,CALDERON,LLANO CHICO
UNIDAD EDUCATIVA 10 DE AGOSTO,-0.212616,-78.511522, MANUELA SAENZ,SAN JUAN
ESTADIO DE PUEMBO,-0.180763,-78.3617767, TUMBACO,PUEMBO
ESCUELA PABLO NERUDA,-0.256839,-78.556124,ELOY ALFARO,LA MENA
PLAZA QUITUMBE,-0.29349,-78.547694,QUITUMBE,QUITUMBE
PARQUE PUERTAS DEL SOL,-0.1111155,-78.4643831, LA DELICIA ,COMITE DEL PUEBLO
GAD CALDERON,-0.077218,-78.43277,CALDERON,CALDERON
CENTRO COMERCIAL EL TEJAR,-0.215412,-78.5157, MANUELA SAENZ,SAN JUAN
CANCHA CHILLOGALLO,-0.2813622,-78.5546946,QUITUMBE,CHILLOGALLO
MIRADOR CARAPUNGO ALTO,-0.3600383,-78.511505, LOS CHILLOS,AMAGUAÑA
PARQUE LA ISLA,-0.1917976,-78.5028896,LA MARISCAL,BELISARIO QUEVEDO
PARQUE DE LAS DIVERSIDADES,-0.2610944,-78.525215,ELOY ALFARO,SAN BARTOLO
AV. PATRIA,-0.2066472,-78.4985744,LA MARISCAL,MARISCAL SUCRE
ECOVIA GUAMANI,-0.3398,-78.5494,QUITUMBE,GUAMANI
PLAZA DE LOS RITUALES,-0.3833363,-78.5101082, LOS CHILLOS,AMAGUAÑA
ESCUELA AFRASER,-0.3072836,-78.3975367, LOS CHILLOS,LA MERCED
CENTRO DE SALUD NUEVA AURORA,-0.2260872,-78.5316781, MANUELA SAENZ,LA LIBERTAD
CANCHAS LA BALVINA,-0.365404,-78.476824, LOS CHILLOS,AMAGUAÑA
TROLE CHIMBACALLE,-0.2385789,-78.5163988,ELOY ALFARO,LA MAGDALENA
UEM CALDERON,-0.0761405,-78.4169646,CALDERON,CALDERON
LIGA BARRIAL MONTESERRIN FLQ,-0.160317,-78.4574619, EUGENIO ESPEJO ,JIPIJAPA
TROLE AJAVI,-0.2685858,-78.5338019,ELOY ALFARO,SOLANDA
ESTADIO DE LIGA BARRIAL COLINAS,-0.0975032,-78.5141368, LA DELICIA ,EL CONDADO
PARQUE PIO JARAMILLO ALVARADO,-0.1411062,-78.4757562, EUGENIO ESPEJO ,KENNEDY
PARQUE SANTA LUCIA,-0.226562,-78.531597, MANUELA SAENZ,LA LIBERTAD
CASA SOMOS CARAPUNGO,-0.0897935,-78.4525298,CALDERON,CALDERON
PARQUE LINEAL BICENTENARIO4,-0.0586731,-78.4523052,CALDERON,CALDERON
PARQUE ECOLOGICO SANTA ANA 2,-0.241617,-78.520031,ELOY ALFARO,LA MAGDALENA
CAPILLA SAN JOSE DE POMASQUI,-0.0584684,-78.465693, LA DELICIA ,POMASQUI
CANCHA LA VICTORIA,-0.366005,-78.4766483, LOS CHILLOS,AMAGUAÑA
PARQUE JULIO ANDRADE,-0.202192,-78.496162,LA MARISCAL,MARISCAL SUCRE
ESCUELA 29 DE JUNIO RUMICUCHO,0.0121414,-78.433332, LA DELICIA ,SAN ANTONIO
CIUDADELA BICENTENARIO,-0.061698,-78.452894,CALDERON,CALDERON
LIGA BARRIAL SAN ENRIQUE DE VELASCO,-0.10192,-78.508343, LA DELICIA ,EL CONDADO
PARQUE CENTRAL DE TUMBACO,-0.212896,-78.405375, TUMBACO,TUMBACO
PARQUE DE MATILDE ALVAREZ SISA,-0.341763,-78.549053,QUITUMBE,GUAMANI
COLEGIO NACIONAL GONZALO ESCUDERO,-0.2712867,-78.523185,ELOY ALFARO,LA ARGELIA
PARQUE CENTRAL DE PINTAG,-0.37114,-78.375533, LOS CHILLOS,PINTAG
PARQUE SAN JUAN DE CALDERON,-0.0606598,-78.4264737,CALDERON,CALDERON
PARADA CAMIONETAS CUENDINATRANS,-0.3780111969,-78.4872512817, LOS CHILLOS,AMAGUAÑA
TROLE ESPAÑA,-0.2579741,-78.5297956,ELOY ALFARO,SAN BARTOLO
CASA COMUNAL CALDERON,-0.105569,-78.420036,CALDERON,CALDERON
PARQUE CARAPUNGO,-0.089368,-78.450792,CALDERON,CALDERON
AV. PATRIA,-0.209032,-78.494763,LA MARISCAL,MARISCAL SUCRE
AREA VERDE EL ARBOLITO DE GUABA,-0.385235,-78.5124033, LOS CHILLOS,AMAGUAÑA
BELLAVISTA,-0.19036,-78.4711217, EUGENIO ESPEJO ,IÑAQUITO
PARQUE CUSCUNGO,-0.231266,-78.484833, MANUELA SAENZ,PUENGASI
IGLESIA SANTO CURA DE ARS,-0.093979,-78.500122, LA DELICIA ,EL CONDADO
CASA BARRIAL CONCEPCION SUR,-0.24254,-78.537587,ELOY ALFARO,CHILIBULO
EL TROJE,-0.3301372,-78.5260179,QUITUMBE,TURUBAMBA
PARQUE LA ALAMEDA,-0.2141322,-78.5009355, MANUELA SAENZ,ITCHIMBIA
LIGA PANAMERICADA SUR EL BLANQUEADO,-0.3103543,-78.5397583,QUITUMBE,QUITUMBE
PARQUE JULIO MATOVELLE,-0.21282,-78.5079671, MANUELA SAENZ,SAN JUAN
PARQUE SIDERAL CARAPUNGO,-0.0881737,-78.4493219,CALDERON,CALDERON
12 DE OCTUBRE,-0.207697,-78.489497,LA MARISCAL,MARISCAL SUCRE
CANCHA LIGA SAN SALVADOR,-0.206485,-78.525417, MANUELA SAENZ,SAN JUAN
LA CRUZ DE SANTA ANA,-0.135676,-78.420851,CALDERON,LLANO CHICO
PARQUE CENTRAL DE AMAGUAÑA,-0.3752977,-78.5056998, LOS CHILLOS,AMAGUAÑA
ESCUELA PUEMBO,-0.1749544,-78.3582047, TUMBACO,PUEMBO
ESCUELA POLITECNICA NACIONAL,-0.209244,-78.48804,LA MARISCAL,MARISCAL SUCRE
ECOVIA ESTADIO CHIMBACALLE,-0.2452511,-78.5140528,ELOY ALFARO,CHIMBACALLE
PARQUE SAN VICENTE LAS CASAS,-0.1802196,-78.5122352,LA MARISCAL,BELISARIO QUEVEDO
COMITE PROMEJORAS BARRIO ESPEJO,-0.3022594,-78.5721645,QUITUMBE,LA ECUATORIANA
PARQUE CENTRAL OBRERO INDEPENDIENTE,-0.2476,-78.4859, MANUELA SAENZ,PUENGASI
PARQUE SAN ANTONIO DE PICHINCHA,-0.014851,-78.4480282, LA DELICIA ,SAN ANTONIO
PARQUE EMBAJADA DE ALEMANIA,-0.0899,-78.4503,CALDERON,CALDERON
CDI MI PROVIDENCIA,-0.3443,-78.4944, LOS CHILLOS,AMAGUAÑA
PARQUE NUEVA AURORA,-0.3190667,-78.553069,QUITUMBE,GUAMANI
PARQUE VALLE DE MARIANITAS,-0.0768458,-78.4260226,CALDERON,CALDERON
PARQUE SAN ANTONIO,-0.014277,-78.435347, LA DELICIA ,SAN ANTONIO
LIGA BARRIAL PAMPA ECUATORIANA,-0.3369855,-78.5792245,QUITUMBE,GUAMANI
PARQUE NUEVA AURORA,-0.319131,-78.5525,QUITUMBE,GUAMANI
LIGA DEORTIVA BARRIAL LIBERTAD DE CHILLOGALLO,-0.2861925,-78.5805415,QUITUMBE,CHILLOGALLO
PARQUE LINEAL BICENTENARIO,-0.0622231,-78.4535101,CALDERON,CALDERON
PARQUE MEXICO,-0.1820572,-78.473378, EUGENIO ESPEJO ,IÑAQUITO
PLAZA VERDEPAMBA,-0.378148,-78.373738, LOS CHILLOS,PINTAG
GUAMANI,-0.342077,-78.549182,QUITUMBE,GUAMANI
SANTA ANITA,-0.095809,-78.402978,CALDERON,CALDERON
IGLESIA RUMICUCHO,0.0141475,-78.4389613, LA DELICIA ,SAN ANTONIO
LIGA DEPORTIVA BARRIAL OBRERO INDEPENDIENTE,-0.2470378799,-78.4864877679, MANUELA SAENZ,PUENGASI
NUEVA AURORA,-0.314606,-78.54342,QUITUMBE,TURUBAMBA
VISTA HERMOSA,-0.145759,-78.463623, EUGENIO ESPEJO ,SAN ISIDRO DEL INCA
IGLESIA CORAZON DE JESUS,-0.0841015,-78.4746611, LA DELICIA ,CARCELEN
LIGA BARRIAL COMITE DEL PUEBLO,-0.116312094,-78.4631347656, LA DELICIA ,COMITE DEL PUEBLO
CASA COMUNAL COCOTOG,-0.138944,-78.425929, EUGENIO ESPEJO ,ZAMBIZA
PARQUE LINEAL BICENTENARIO5,-0.0567623,-78.4513711, LA DELICIA ,POMASQUI
CANCHAS TOLA GRANDE,-0.210885,-78.377039, TUMBACO,TUMBACO
ESTADIO ATAHUALPA CALDERON,-0.121721,-78.414839,CALDERON,CALDERON
ESTADIO SAN JOSE COCOTOG,-0.1388275,-78.4226562, EUGENIO ESPEJO ,ZAMBIZA
ESTADIO CHECHA,-0.12501,-78.311, TUMBACO,CHECA
CANCHAS BARRIONUEVO,-0.255053,-78.533647,ELOY ALFARO,SAN BARTOLO
PARQUE SAN GREGORIO PUSUQUI,-0.0697274,-78.4795806, LA DELICIA ,POMASQUI
LIGA BARRIAL PISULI,-0.0891738,-78.5205615, LA DELICIA ,EL CONDADO
MERCADO LAS CUADRAS,-0.2810405,-78.5534091,QUITUMBE,QUITUMBE
PARQUE SIDERAL CARAPUNGO,-0.0884965,-78.4488151,CALDERON,CALDERON
PARQUE TOCTIUCO,-0.212845,-78.522257, MANUELA SAENZ,SAN JUAN
ESCUELA ABDON CALDERON,-0.3048083,-78.5585467,QUITUMBE,QUITUMBE
ESTADIO DE LIGA SAN JUAN,-0.2124607,-78.512815, MANUELA SAENZ,SAN JUAN
ESTADIO DE PUENGASI,-0.2494,-78.5013, MANUELA SAENZ,PUENGASI
CANCHAS DEPORTIVAS LA VENECIA,-0.3380105,-78.5412171,QUITUMBE,TURUBAMBA
PARQUE CENTRAL DE CALACALI,-0.0002093,-78.514491,CHOCO ANDINO,CALACALI
CAPILLA VIRGEN DEL CISNE,-0.240045,-78.481598, MANUELA SAENZ,PUENGASI
PARQUE CARAPUNGO,-0.0900879,-78.448481,CALDERON,CALDERON
PARQUE ESPAÑA,-0.2596853,-78.5287279,ELOY ALFARO,SAN BARTOLO
PARQUE MARTHA BUCARAM,-0.2969715,-78.5608139,QUITUMBE,LA ECUATORIANA
LIGA BARRIAL SANTOS PAMBA,-0.3322148,-78.5728087,QUITUMBE,GUAMANI
RUMILOMA,-0.1819141,-78.5161443,LA MARISCAL,BELISARIO QUEVEDO
ESTADIO LIGA LA BALVINA,-0.3583517,-78.480785, LOS CHILLOS,AMAGUAÑA
PARQUE UNION NACIONAL,-0.1578345,-78.4954233, EUGENIO ESPEJO ,RUMIPAMBA
LIGA BARRIAL QUITUS COLONIAL,-0.3081067,-78.532975,QUITUMBE,QUITUMBE
CASA SOMOS COTOCOLLAO,-0.1106306,-78.4995408, LA DELICIA ,COTOCOLLAO
ESTADIO SIXTO DURAN BALLEN,-0.2577263,-78.518865,ELOY ALFARO,LA FERROVIARIA
CANCHA DE FUTBOL CORDOBES,-0.325607,-78.475538, LOS CHILLOS,CONOCOTO
PARQUE CARAPUNGO,-0.1072018,-78.4541933,CALDERON,CALDERON
COLEGIO NACIONAL ALANGASI,-0.306535,-78.416525, LOS CHILLOS,ALANGASI
COLEGIO PINTAG,-0.3735561,-78.3732793, LOS CHILLOS,PINTAG
LIGA BARRIAL LA LIBERTAD,-0.2308683,-78.5274617, MANUELA SAENZ,LA LIBERTAD
PARQUE GABRIEL GARCIA MORENO,-0.2158401,-78.506709, MANUELA SAENZ,CENTRO HISTORICO
CANCHAS DE FUTBOL SAN ANTONIO,0.0033983,-78.4536655, LA DELICIA ,SAN ANTONIO
ALANGASI,-0.3033832,-78.4143592, LOS CHILLOS,ALANGASI
ESTADIO DE CAUPICHO,-0.3311822,-78.5381951,QUITUMBE,TURUBAMBA
PARQUE SOLANDA 2,-0.2646827,-78.5388747,ELOY ALFARO,SOLANDA
PLAZA REPUBLICA,-0.213028,-78.503382, MANUELA SAENZ,SAN JUAN
CANCHA DE FUTBOL SAN PEDRO Y SAN PABLO,-0.219275,-78.484781, MANUELA SAENZ,ITCHIMBIA
PARQUE CENTRO DE SALUD RUMIHURCO,-0.094545,-78.49924, LA DELICIA ,EL CONDADO
ECOVIA SANMARTIN,-0.1919821,-78.4810874, EUGENIO ESPEJO ,IÑAQUITO
LIGA BARRIAL SAN ROQUE,-0.2176784,-78.5223096, MANUELA SAENZ,LA LIBERTAD
TROLE SANTO DOMINGO,-0.2241213,-78.5128591, MANUELA SAENZ,CENTRO HISTORICO
ESTADIO SAN JOSE COCOTOG,-0.1401324,-78.4232864, EUGENIO ESPEJO ,ZAMBIZA
PARQUE DE CONOCOTO,-0.2919108,-78.47729, LOS CHILLOS,CONOCOTO
TROLE CUERO Y CAICEDO,-0.1919942,-78.493343, EUGENIO ESPEJO ,IÑAQUITO
ESCUELA ABDON CALDERON,-0.3036864,-78.5585462,QUITUMBE,QUITUMBE
ECOVIA PUJILI,-0.2595034,-78.522486,ELOY ALFARO,LA FERROVIARIA
JARDIN DEL VALLE,-0.229112,-78.481459, MANUELA SAENZ,PUENGASI
TROLE QUITO SUR,-0.284065,-78.544445,QUITUMBE,QUITUMBE
SAN JOSE DE GUAMANI,-0.3304834,-78.5477578,QUITUMBE,TURUBAMBA
PARQUE LINEAL BICENTENARIO2,-0.0660227,-78.4532827,CALDERON,CALDERON
PARQUE DE LA GATAZO,-0.2641267,-78.5462933,ELOY ALFARO,SAN BARTOLO
PLAZA EL CONSUELO,-0.217222,-78.498593, MANUELA SAENZ,ITCHIMBIA
CANCHA IGUALDAD SOCIAL,-0.3333259,-78.5706605,QUITUMBE,GUAMANI
PARQUE INFANTIL CESAR ARCOS,-0.271888,-78.555682,ELOY ALFARO,LA MENA
PARQUE LA COCHA,-0.3202416,-78.5271199,QUITUMBE,TURUBAMBA
PARQUE LIGA BARRIAL LA CAMPIÑA,-0.1276553,-78.517616, EUGENIO ESPEJO ,COCHAPAMBA
CANCHAS SANTA ROSA,-0.2782932,-78.5632277,QUITUMBE,CHILLOGALLO
PARQUE EUGENIO ESPEJO TOCTIUCO,-0.2132244,-78.520735, MANUELA SAENZ,SAN JUAN
CASA COMUNAL SAN ALFONSO,-0.3216332,-78.5742249,QUITUMBE,LA ECUATORIANA
TROLE MONTUFAR,-0.2212989926,-78.508682251, MANUELA SAENZ,CENTRO HISTORICO
IGLESIA VIRGEN DEL CISNE,-0.266453,-78.558527,ELOY ALFARO,LA MENA
TROLE EL RECREO 2,-0.2519274,-78.5215199,ELOY ALFARO,CHIMBACALLE
BOULEVARD GARCIA MORENO COCOTOG,-0.1388865,-78.4354601,CALDERON,LLANO CHICO
ESTADIO ATAHUALPA LLANO GRANDE,-0.1219435,-78.4139374,CALDERON,CALDERON
CANCHA LA ARCADIA,-0.3077675,-78.5500346,QUITUMBE,QUITUMBE
PARQUE SAN FERNANDO,-0.3335582,-78.5596736,QUITUMBE,GUAMANI
CANCHA TOCTIUCO,-0.2065624,-78.5244689, MANUELA SAENZ,SAN JUAN
PLAZA DE SAN BLAS,-0.217585,-78.505497, MANUELA SAENZ,CENTRO HISTORICO
PARQUE SOLANDA,-0.267763,-78.535166,ELOY ALFARO,SOLANDA
TROLE EJIDO,-0.2080782,-78.4999778, MANUELA SAENZ,ITCHIMBIA
PARQUE METROPOLITANO EQUINOCCIAL,-0.0416324,-78.4461145, LA DELICIA ,POMASQUI
AMAGUAÑA,-0.38101,-78.506209, LOS CHILLOS,AMAGUAÑA
PARQUE LOS GALLOS,-0.243066,-78.51639,ELOY ALFARO,CHIMBACALLE
ECOVIA 24 DE MAYO,-0.174521,-78.4773305, EUGENIO ESPEJO ,IÑAQUITO
LIGA BARRIAL GONZALES SUAREZ,-0.2543867,-78.5399435,ELOY ALFARO,SAN BARTOLO
CASA METRO JUVENTUDES,-0.272313,-78.536183,ELOY ALFARO,SOLANDA
COMPLEJO DEPORTIVO ANGEL SOTOMAYO NAYON,-0.1750084,-78.4249776, EUGENIO ESPEJO ,NAYON
TROLE RECREO,-0.2526509,-78.5216691,ELOY ALFARO,CHIMBACALLE
PARQUE SANTA ROSA 2,-0.27416,-78.5641183,QUITUMBE,CHILLOGALLO
ECOVIA PLAYON MARIN 1,-0.2277512,-78.5067637, MANUELA SAENZ,ITCHIMBIA
PARQUE ANDRA BENITEZ,-0.2217739,-78.48986, MANUELA SAENZ,PUENGASI
CENTRO DE SALUD CHECA,-0.12726,-78.3125, TUMBACO,CHECA
PARQUE CONSEJO PROVINCIAL,-0.0821089,-78.5031183, LA DELICIA ,EL CONDADO
PARQUE CALDERON,-0.1036022,-78.4236549,CALDERON,CALDERON
ESTADIO SAN JOSE DE MONJAS,-0.2332271,-78.4910602, MANUELA SAENZ,PUENGASI
PARQUE LA ALAMEDA 1,-0.213564,-78.5025653, MANUELA SAENZ,ITCHIMBIA
LIGA DEPORTIVA BARRIAL ECUADOR,-0.0754085,-78.4452649,CALDERON,CALDERON
LIGA DEPORTIVA ARGELIA ALTA,-0.284453,-78.519289,ELOY ALFARO,LA ARGELIA
ECOVIA EPLICACHIMA,-0.2636089,-78.5243902,ELOY ALFARO,LA FERROVIARIA
PARQUE REMODELADO EXCOMBATIENTES DEL 41,-0.2591866,-78.5525838,ELOY ALFARO,LA MENA
CENTRO DE SALUD TARQUI,-0.2552081,-78.5527946,ELOY ALFARO,LA MENA
LOS CHILLOS,-0.377608,-78.488255, LOS CHILLOS,AMAGUAÑA
IGLESIA DE SANTA ROSA TUMBACO,-0.2080361,-78.4597414, TUMBACO,CUMBAYA
LIGA BARRIAL EL GIRON,-0.2911268,-78.5687587,QUITUMBE,CHILLOGALLO
PARQUE DE TOLAGASI,-0.211096,-78.42049, TUMBACO,TUMBACO
CAPILLA SAN JOSE DE POMASQUI,-0.058292,-78.46596, LA DELICIA ,POMASQUI
PLAZA VEINTIMILLA,-0.201995,-78.49439,LA MARISCAL,MARISCAL SUCRE
PARQUE BARRIO HOSPITAL 2,-0.305142,-78.53367,QUITUMBE,QUITUMBE
IGLESIA SAN PEDRO Y SAN PABLO LA VICENTINA,-0.2181475,-78.4853406, MANUELA SAENZ,ITCHIMBIA
UNIDAD EDUCATIVA JASON MILLER,-0.1583,-78.461, EUGENIO ESPEJO ,JIPIJAPA
PARQUE LUCHA DE LOS POBRES,-0.2950683236,-78.5289916992,QUITUMBE,QUITUMBE
IGLESIA TURUBAMBA DE MONJAS,-0.3164,-78.5594,QUITUMBE,GUAMANI
FUNDEPORTE PADRE CAROLLO,-0.2847778,-78.5519699,QUITUMBE,QUITUMBE
UNIDAD EDUCATIVA PEDRO JOSE ARTETA,-0.2912467,-78.4022133, LOS CHILLOS,LA MERCED
MERCADO DE LA MICHELENA,-0.2487409,-78.5405328,ELOY ALFARO,CHILIBULO
IGLESIA JUAN PABLO II,-0.228067,-78.483605, MANUELA SAENZ,PUENGASI
CANCHAS FERROVIARIA ALTA 1,-0.2640972,-78.5171194,ELOY ALFARO,LA FERROVIARIA
ECOVIA SAN BARTOLO,-0.2686442,-78.5277409,ELOY ALFARO,SAN BARTOLO
PARQUE EJIDO,-0.2914362,-78.5668578,QUITUMBE,CHILLOGALLO
TROLE RECOLETA NORTE,-0.230318,-78.512685, MANUELA SAENZ,CENTRO HISTORICO
LIGA SAN VICENTE DE LA FLORIDA,-0.1462141,-78.5075863, EUGENIO ESPEJO ,COCHAPAMBA
PARQUE CENTRAL EL TINGO,-0.2857319,-78.4418571, LOS CHILLOS,ALANGASI
CASA BARRIAL COCHABAMBA,-0.21887,-78.402636, TUMBACO,TUMBACO
PARQUE METROPOLITANO LAS CUADRAS,-0.2866117,-78.550005,QUITUMBE,QUITUMBE
PLAZA DE SAN DIEGO,-0.2241214,-78.5211586, MANUELA SAENZ,CENTRO HISTORICO
PARQUE CENTRAL DE PIFO,-0.225624,-78.338447, TUMBACO,PIFO
PARQUE CENTRAL CUMBAYA,-0.201819,-78.429037, TUMBACO,CUMBAYA
CASA SOMOS NUEVA AURORA,-0.319492,-78.551152,QUITUMBE,GUAMANI
YAKU MUSEO DEL AGUA,-0.216972,-78.518994, MANUELA SAENZ,SAN JUAN
COCHA ACUSTICA PISULI,-0.0885276,-78.5174017, LA DELICIA ,EL CONDADO
PARQUE ECOLOGICO SANTA ANA 1,-0.2407182,-78.52047,ELOY ALFARO,LA MAGDALENA
CANCHAS POMASQUI,-0.051608,-78.452668, LA DELICIA ,POMASQUI
PARQUE CALIFORNIA ALTA,-0.1338538,-78.4771176, EUGENIO ESPEJO ,KENNEDY
SUBCENTRO DE SALUD EL TINGO,-0.2855144143,-78.4400939941, LOS CHILLOS,ALANGASI
CANCHA LIGA BARRIAL MEDIA LUNA,-0.255708,-78.520091,ELOY ALFARO,LA FERROVIARIA
CASA CULTURAL COMITE DEL PUEBLO,-0.1217518,-78.463474, LA DELICIA ,COMITE DEL PUEBLO
CANCHA LA REDONDA TUMBACO,-0.2306554,-78.3399336, TUMBACO,PIFO
PARQUE LA TOLA,-0.2266755,-78.5051951, MANUELA SAENZ,ITCHIMBIA
IGLESIA SAN JOSE DE COLLAQUI,-0.1766907,-78.3974914, TUMBACO,TUMBACO
PARQUE CHINO,-0.2599234,-78.5374258,ELOY ALFARO,SAN BARTOLO
PARQUE JULIO ANDRADE,-0.2010511,-78.4963051,LA MARISCAL,MARISCAL SUCRE
SANTA BARBARA,-0.27022,-78.558857,ELOY ALFARO,LA MENA
LIGA MARIA ELENA SALAZAR,-0.2857799,-78.5402493,ELOY ALFARO,LA ARGELIA
PARQUE TERRANOVA,-0.2992315,-78.5520061,QUITUMBE,QUITUMBE
LIGA LA CONCORDIA,-0.2985664,-78.5602436,QUITUMBE,LA ECUATORIANA
PARQUE UNION POPULAR,-0.2819,-78.5395,ELOY ALFARO,SOLANDA
EL VERGEL,-0.3084133,-78.5290067,QUITUMBE,QUITUMBE
PARQUE EL EJIDO 3,-0.2108671,-78.4986763, MANUELA SAENZ,ITCHIMBIA
LIGA BARRIAL SAN JOSE CALDERON,-0.0887016,-78.4405716,CALDERON,CALDERON
CANCHA LIGA ALMA LOJANA,-0.2342886,-78.4822682, MANUELA SAENZ,PUENGASI
ESTADIO DEL BARRIO LA TOLA,-0.2289089,-78.5035184, MANUELA SAENZ,ITCHIMBIA
CANCA LUCHA DE LOS POBRES MEDIA,-0.288908,-78.531766,ELOY ALFARO,LA ARGELIA
IGLESIA CRISTOBAL LIBERTADOR,-0.289408,-78.530755,ELOY ALFARO,LA ARGELIA
CASA BARRIAL QUITUMBE,-0.285341,-78.539606,ELOY ALFARO,LA ARGELIA
PARQUE CUMANDA,-0.12359,-78.4961217, LA DELICIA ,COTOCOLLAO
PARQUE CACIQUE PINTAG,-0.2412193,-78.5253869,ELOY ALFARO,LA MAGDALENA
TROLE ESTADIO NORTE,-0.1775808,-78.4886468, EUGENIO ESPEJO ,IÑAQUITO
MANUEL MARIA RECALDE Y DOLORES CACUANGO,-0.273013,-78.502951,QUITUMBE,CHILLOGALLO
PARQUE OYAMBARILLO,-0.19529,-78.331072, TUMBACO,TABABELA
VIA A NONO,-0.117163,-78.519596, LA DELICIA ,EL CONDADO
PARQUE CENTRAL ZAMBIZA,-0.1490583,-78.44077, EUGENIO ESPEJO ,ZAMBIZA
PARQUE OBRERO DEL VALLE DEL SUR,-0.300972,-78.535112,QUITUMBE,QUITUMBE
PARQUE SAN JOSE DE GUAMANI,-0.3302111,-78.5466768,QUITUMBE,TURUBAMBA
PARQUE EL PORVENIR,-0.1241931,-78.5041883, EUGENIO ESPEJO ,COCHAPAMBA
IGLESIA DE CHIMBACALLE,-0.238171,-78.516145,ELOY ALFARO,CHIMBACALLE
BELLAVISTA,-0.18975,-78.472985, EUGENIO ESPEJO ,IÑAQUITO
PARQUE CIUDADELA IBARRA,-0.2953965,-78.5634578,QUITUMBE,LA ECUATORIANA
ESTADIO CHIMBACALLE,-0.245865,-78.5142106,ELOY ALFARO,CHIMBACALLE
CANCHA ECUATORIANA,-0.30806,-78.571185,QUITUMBE,LA ECUATORIANA
COLISEO DE YARUQUI,-0.165118,-78.318878, TUMBACO,YARUQUI
ESCUELA CAMILO GALLEGOS,-0.2642941,-78.5547593,ELOY ALFARO,LA MENA
DE LOS TULIPANES,-0.160204,-78.474021, EUGENIO ESPEJO ,JIPIJAPA
AV. PATRIA,-0.2096633,-78.4942416,LA MARISCAL,MARISCAL SUCRE
PARQUE UGALDE,-0.2587303,-78.5216951,ELOY ALFARO,LA FERROVIARIA
PARQUE LAS CASAS,-0.1854177,-78.507572,LA MARISCAL,BELISARIO QUEVEDO
PARQUE HIDALGO DE PINTO QUITO TENNIS,-0.162441,-78.493777, EUGENIO ESPEJO ,RUMIPAMBA
TROLE MARISCAL,-0.2044919,-78.4989861,LA MARISCAL,BELISARIO QUEVEDO
PARQUE PLAZA MAGDALENA,-0.2383682,-78.525466,ELOY ALFARO,LA MAGDALENA
COLEGIO CARLOS ZAMBRANO,-0.1835121,-78.5105473,LA MARISCAL,BELISARIO QUEVEDO
ECOVIA LA PAZ,-0.1965583,-78.4830806, EUGENIO ESPEJO ,IÑAQUITO
ECOVIA LABRETAÑA,-0.3118763,-78.5471034,QUITUMBE,TURUBAMBA
LOS CHILLOS,-0.368645,-78.502212, LOS CHILLOS,AMAGUAÑA
LIGA BARRIAL SAN JOSE CALDERON,-0.0866573,-78.4479093,CALDERON,CALDERON
LIGA BARRIAL EL TRANSITO,-0.2871283,-78.5655783,QUITUMBE,CHILLOGALLO
12 DE OCTUBRE,-0.2033083,-78.48334, EUGENIO ESPEJO ,IÑAQUITO
PATIO DE COMIDAS EL GUAMBRA,-0.205789,-78.499129,LA MARISCAL,MARISCAL SUCRE
ESCUELA NICOLAS GUILLEN,-0.2921427,-78.5247467,ELOY ALFARO,LA ARGELIA
CASA BARRIAL DE MIRANDA BAJO,-0.332061,-78.487916, LOS CHILLOS,AMAGUAÑA
LA TOLA,-0.225835,-78.505544, MANUELA SAENZ,ITCHIMBIA
LIGA BARRIAL EL EJIDO,-0.382702,-78.509635, LOS CHILLOS,AMAGUAÑA
IGLESIA CATOLICA SAN PEDRO Y SAN PABLO,-0.217402,-78.48521, MANUELA SAENZ,ITCHIMBIA
CASA COMUNAL LA JOSEFINA,-0.078646,-78.47323, LA DELICIA ,CARCELEN
LIGA SAN JOSE DE GUAMANI,-0.330182,-78.54741,QUITUMBE,TURUBAMBA
LIGA BARRIAL CUENDINA,-0.37077,-78.4749, LOS CHILLOS,AMAGUAÑA
LIGA DEPORTIVA BARRIAL ATAHUALPA,-0.3367483,-78.4808583, LOS CHILLOS,AMAGUAÑA
PARQUE LA Y,0.0002202,-78.4431718, LA DELICIA ,SAN ANTONIO
PARQUE CIUDADELA IBARRA,-0.2961696,-78.5620248,QUITUMBE,LA ECUATORIANA
PARQUE LIDERES DEL SUR,-0.3294331,-78.5693656,QUITUMBE,GUAMANI
PARQUE QUITO CABLES,-0.095271,-78.507709, LA DELICIA ,EL CONDADO
BELLAVISTA,-0.191173,-78.470972, EUGENIO ESPEJO ,IÑAQUITO
ESTADIO LA ECUATORIANA,-0.3095983,-78.561865,QUITUMBE,LA ECUATORIANA
ESCUELA FISCAL LUZ Y VIDA,-0.072595,-78.4395005,CALDERON,CALDERON
PARQUE LA QUINTANA,-0.1278199,-78.4604425, EUGENIO ESPEJO ,SAN ISIDRO DEL INCA
PARQUE CIUDADELA IBARRA,-0.2965557,-78.5637933,QUITUMBE,LA ECUATORIANA
ESTADIO ANGAMARCA,-0.291885,-78.4299966, LOS CHILLOS,ALANGASI
CANCHA DE FUTBOL,-0.0914374,-78.5036573, LA DELICIA ,EL CONDADO
FRANCO MENDEZ,-0.315216,-78.543224,QUITUMBE,TURUBAMBA
LIGA BARRIAL TURUBAMBA,-0.2790838,-78.5416983,ELOY ALFARO,SOLANDA
PARQUE QUITUS COLONIAL,-0.3073067,-78.5335233,QUITUMBE,QUITUMBE
LIGA BARRIAL LA ESPERANZA DE TUMBACO,-0.1913835,-78.3827561, TUMBACO,TUMBACO
CASA BARRIAL BARRIO EL CALVARIO,-0.1570766,-78.3191412, TUMBACO,YARUQUI
CIUDAD BICENTENARIO,-0.0672463,-78.4506148,CALDERON,CALDERON
CASA BARRIAL DE MIRANDA,-0.331951,-78.489313, LOS CHILLOS,AMAGUAÑA
LIGA DEPORTIVA BARRIAL 5 DE FEBRERO,-0.3108,-78.5694,QUITUMBE,LA ECUATORIANA
ESTADIO FRANCISCO REINOSO CORDERO,-0.1996333,-78.4281667, TUMBACO,CUMBAYA
PARQUE CALIFORNIA BONANZA,-0.131165,-78.4792195, EUGENIO ESPEJO ,KENNEDY
PARQUE SAN ANTONIO,6.12e-05,-78.4426289, LA DELICIA ,SAN ANTONIO
PARQUE 17 DE JULIO LA REDONDA,-0.2580179,-78.5166133,ELOY ALFARO,LA FERROVIARIA
TURUBAMBA,-0.3540063,-78.5298583,QUITUMBE,TURUBAMBA
PARQUE EL CALZADO,-0.2547852,-78.5267056,ELOY ALFARO,SAN BARTOLO
PARQUE LA VICTORIA CENTRAL,-0.3489738,-78.5551158,QUITUMBE,GUAMANI
PARQUE ELOY ALFARO,-0.241993,-78.48733, MANUELA SAENZ,PUENGASI
PARQUE LA COMUNA,-0.1883153,-78.5163677,LA MARISCAL,BELISARIO QUEVEDO
LIGA DEPORTIVA BARRIAL MANUELA SAENZ,-0.3258203,-78.5730639,QUITUMBE,LA ECUATORIANA
CASA COMUNAL PIO XII,-0.0642423,-78.4297299,CALDERON,CALDERON
PARQUE SAN JOSE COTOCOLLAO,-0.1199694,-78.5011879, LA DELICIA ,COTOCOLLAO
12 DE OCTUBRE,-0.205722,-78.486666,LA MARISCAL,MARISCAL SUCRE
MERCADO VIRGEN DEL CISNE,-0.09348,-78.5165, LA DELICIA ,EL CONDADO
MIRADOR DE COTOCOLLAO,-0.1158915,-78.4689809, LA DELICIA ,COMITE DEL PUEBLO
ECOVIA EUGENIO ESPEJO,-0.2142033,-78.4987233, MANUELA SAENZ,ITCHIMBIA
ECOVIA COLEGIO MONTUFAR,-0.2377293,-78.5093725,ELOY ALFARO,CHIMBACALLE
PARQUE CENTRAL HOSPITAL DEL SUR,-0.246005,-78.540085,ELOY ALFARO,CHILIBULO
RANCHO BAJO,-0.095213,-78.508843, LA DELICIA ,EL CONDADO
COMITE PROMEJORAS ECASA,-0.319058,-78.533618,QUITUMBE,TURUBAMBA
PARQUE SAN PEDRO DE AMAGUAÑA,-0.375614,-78.506433, LOS CHILLOS,AMAGUAÑA
PARQUE CENTRAL LA MERCED,-0.2924583,-78.40053, LOS CHILLOS,LA MERCED
UNIDAD EDUCATIVA DIEGO ABAD DE CEPEDA,-0.0962728,-78.5117091, LA DELICIA ,EL CONDADO
PARQUE BELLAVISTA ALTA,-0.1224745,-78.5027778, LA DELICIA ,COTOCOLLAO
SAN JOSE DE GUAMANI,-0.325917,-78.548708,QUITUMBE,TURUBAMBA
UNIDAD EDUCATIVA AURELIO BAYAS,-0.2966022,-78.5315246,QUITUMBE,QUITUMBE
PARQUE LUCIANO ANDRADE MARIN,-0.125675,-78.4977383, LA DELICIA ,COTOCOLLAO
PARQUE DIEGO DE LA VEGA,-0.107618,-78.500442, LA DELICIA ,COTOCOLLAO
CASA BARRIAL CARLOS MARIA DE LA TORRE,-0.2969317,-78.4371317, LOS CHILLOS,ALANGASI
PAMPA ECUATORIANA,-0.336313,-78.579871,QUITUMBE,GUAMANI
LIGA BARRIAL ELOY ALFARO,-0.240124,-78.518221,ELOY ALFARO,LA MAGDALENA
CANCHA LIGA QUITO NORTE,-0.125053,-78.49816, LA DELICIA ,COTOCOLLAO
ECOVIA GUAYANAY ÑAN,-0.3055485,-78.5430978,QUITUMBE,QUITUMBE
GRUTA DEL DIVINO NIÑO LA FLORIDA,-0.366893,-78.499958, LOS CHILLOS,AMAGUAÑA
CANCHA SAN FRANSCISCO DE CONOCOTO,-0.3253942,-78.4763637, LOS CHILLOS,CONOCOTO
BARTOLOME DE LA ROSA LA DELICIA,-0.08955,-78.46804, LA DELICIA ,CARCELEN
PARQUE DE ZAMBIZA,-0.1480693,-78.4406423, EUGENIO ESPEJO ,ZAMBIZA
ECOVIA MANUELA CAÑIZARES,-0.2050626,-78.4907937,LA MARISCAL,MARISCAL SUCRE
TROLE LA VILLAFLORA,-0.24441,-78.5186321,ELOY ALFARO,CHIMBACALLE
IGLESIA SAGRADOS CORAZONES BELLAVISTA,-0.188198,-78.473481, EUGENIO ESPEJO ,IÑAQUITO
PARQUE ELOY ALFARO,-0.2427779,-78.5095725,ELOY ALFARO,CHIMBACALLE
CANCHA DE USO MULTIPLE ROJAS,-0.2164259,-78.4308246, TUMBACO,CUMBAYA
CALDERON,-0.1005311,-78.4231872,CALDERON,CALDERON
LIGA DEPORTIVA BARRIAL TAMBOLLACTA,-0.289903,-78.542357,QUITUMBE,QUITUMBE
TROLE CHIMBACALLE,-0.2398157,-78.5169446,ELOY ALFARO,CHIMBACALLE
LIGA DEPORTIVA BARRIAL LOS ANDES,-0.2919071,-78.5655982,QUITUMBE,LA ECUATORIANA
ESCUELA 9 DE AGOSTO,-0.0919913,-78.502957, LA DELICIA ,EL CONDADO
CANCHAS SANTA LUCIA,-0.228340894,-78.5284957886, MANUELA SAENZ,LA LIBERTAD
COMITE PROMEJORAS,-0.117962,-78.504466, LA DELICIA ,COTOCOLLAO
IGLESIA TREBOLES DEL SUR,-0.312358,-78.535171,QUITUMBE,QUITUMBE
ESTADIO DEL COMITE DEL PUEBLO,-0.1213826,-78.4668841, LA DELICIA ,COMITE DEL PUEBLO
PARQUE FULTON,-0.2374829,-78.5111554,ELOY ALFARO,CHIMBACALLE
CANCHA CENEPA,0.0045,-78.4483, LA DELICIA ,SAN ANTONIO
CALLE NORUEGA,-0.186848,-78.480621, EUGENIO ESPEJO ,IÑAQUITO
PARQUE LAS PIRAMIDES LA DELICIA,-0.086858,-78.462889, LA DELICIA ,CARCELEN
CANCHAS BIENESTAR COMUNITARIO,-0.3554,-78.545473,QUITUMBE,TURUBAMBA
PARQUE LINEAL QUITO SUR,-0.2625459,-78.5382211,ELOY ALFARO,SAN BARTOLO
LIGA BARRIAL ANGAMARCA,-0.290465,-78.424705, LOS CHILLOS,ALANGASI
PARQUE INFANTIL,0.00527,-78.440626, LA DELICIA ,SAN ANTONIO
ESTADIO JAIME DEL CASTILLO,-0.230595,-78.336134, TUMBACO,PIFO
CANCHAS TAMBO DEL INCA,-0.299614,-78.519662,QUITUMBE,QUITUMBE
PLAZA GRANDE,-0.2205748111,-78.5117034912, MANUELA SAENZ,CENTRO HISTORICO
CANCHA RIO COCA,-0.1630683,-78.4706728, EUGENIO ESPEJO ,JIPIJAPA
PARQUE DE CHIMBACALLE,-0.2398357,-78.5147423,ELOY ALFARO,CHIMBACALLE
CANCHAS CIUDADELA IBARRA,-0.29363,-78.563035,QUITUMBE,LA ECUATORIANA
PARQUE MARIANITA DE JESUS CALDERON,-0.082726,-78.418679,CALDERON,CALDERON
PARQUE TODOS UNIDOS,-0.2456617,-78.4912783, MANUELA SAENZ,PUENGASI
LIGA DEPORTIVA MUNICIPAL TURUBAMBA,-0.3140702,-78.563656,QUITUMBE,LA ECUATORIANA
BOULEVARD COCOTOG,-0.1386745,-78.4292067,CALDERON,LLANO CHICO
CANCHA TOLA CHICA 1,-0.2083159,-78.39338, TUMBACO,TUMBACO
BOULEVARD GARCIA MORENO COCOTOG,-0.11855,-78.504355, LA DELICIA ,COTOCOLLAO
CANCHA COCOTOG,-0.139598,-78.42555, EUGENIO ESPEJO ,ZAMBIZA
VISTA HERMOSA,-0.085939,-78.513515, LA DELICIA ,EL CONDADO
PARQUE DEL AGUA EPMAPS,-0.1892013,-78.4903958, EUGENIO ESPEJO ,IÑAQUITO
IGLESIA SAN JOSE OBRERO VALLE DEL SUR,-0.300418,-78.535447,QUITUMBE,QUITUMBE
COLEGIO MUNICIPAL 9 DE OCTUBRE,-0.1929941,-78.5091874,LA MARISCAL,BELISARIO QUEVEDO
SAN BARTOLO,-0.273019,-78.53005,ELOY ALFARO,SOLANDA
PARQUE DE LAS DIVERSIDADES,-0.261534,-78.523432,ELOY ALFARO,SAN BARTOLO
CASA SOMOS COCOTOG,-0.1399308,-78.4262794, EUGENIO ESPEJO ,ZAMBIZA
PARQUE CENTRAL LLANO CHICO,-0.1276796,-78.4442562,CALDERON,LLANO CHICO
PARQUE SODIRO,-0.117372,-78.497895, LA DELICIA ,COTOCOLLAO
BELLAVISTA,-0.188991,-78.470259, EUGENIO ESPEJO ,IÑAQUITO
PARQUE SAN ALFANSO,-0.327829,-78.576876,QUITUMBE,LA ECUATORIANA
CASA BARRIAL UNIO GEOGRAFICA,-0.2885568,-78.475215, LOS CHILLOS,CONOCOTO
CASA BARRIAL BARRIO ARBOLITO,-0.0664075,-78.4291125,CALDERON,CALDERON
BOULEVARD COCOTOG,-0.1388822,-78.4127746, EUGENIO ESPEJO ,ZAMBIZA
CANCHAS LA TOLITA,-0.204563,-78.475975, MANUELA SAENZ,ITCHIMBIA
PARQUE LLANO GRANDE,-0.1144506,-78.4317463,CALDERON,CALDERON
CANCHAS CARLOS E. FRANCO MENDEZ,-0.3157317,-78.5437983,QUITUMBE,TURUBAMBA
PARQUE MATILDE ALVAREZ,-0.342272,-78.549813,QUITUMBE,GUAMANI
SAN SALVADOR,-0.205505,-78.524672, MANUELA SAENZ,SAN JUAN
PARQUE GARROCHAL,-0.3353927,-78.5334158,QUITUMBE,TURUBAMBA
CANCHAS DE FUTBOL PUEBLO UNIDO,-0.2962633,-78.532425,QUITUMBE,QUITUMBE
BELLAVISTA,-0.1915413,-78.469577, EUGENIO ESPEJO ,IÑAQUITO
PARQUE TODOS UNIDOS,-0.246315,-78.491188, MANUELA SAENZ,PUENGASI
UNIDAD EDUCATIVA,-0.0785897,-78.5280393, LA DELICIA ,EL CONDADO
CANCHA CIUDADELA MEXICO,-0.236963,-78.5112137,ELOY ALFARO,CHIMBACALLE
PARQUE SAN MIGUEL DE COLLACOTO,-0.246475,-78.483137, MANUELA SAENZ,PUENGASI
GUARDERIA ANGEL DE LA GUARDA,-0.273862,-78.526183,ELOY ALFARO,LA ARGELIA
LIGA BARRIAL BELLAVISTA DEL SUR,-0.3331267,-78.5275283,QUITUMBE,TURUBAMBA
PARQUE CENTRAL TERRANOVA,-0.302137,-78.552835,QUITUMBE,QUITUMBE
CANCHA DORADO DEL SUR,-0.322489,-78.546109,QUITUMBE,TURUBAMBA
MERCADO CENTRAL DE TUMBACO,-0.213787,-78.408617, TUMBACO,TUMBACO
CASA BARRIAL SANTO TOMAS,-0.329557,-78.545101,QUITUMBE,TURUBAMBA
IGLESIA EL BELEN,-0.138802,-78.420648, EUGENIO ESPEJO ,ZAMBIZA
PARQUE CARLOTA JARAMILLO,-0.001487,-78.513812,CHOCO ANDINO,CALACALI
LIGA BARRIAL KENNEDY 3RA ETAPA.,-0.13715,-78.47449, EUGENIO ESPEJO ,KENNEDY
PARQUE COLINAS DEL NORTE,-0.095393,-78.507725, LA DELICIA ,EL CONDADO
LIGA BARRIAL LAS TOLAS,-0.0640921,-78.4598532, LA DELICIA ,POMASQUI
PARQUE SAUCES DEL VALLE,-0.2537979,-78.490709, MANUELA SAENZ,PUENGASI
CANCHAS BARRIO NUEVO,-0.2518044,-78.5346114,ELOY ALFARO,SAN BARTOLO
LIGA BARRIAL LOS LIBERTADORES,-0.2417878,-78.5371262,ELOY ALFARO,CHILIBULO
BANCO CENTRAL DEL ECUADOR,-0.2155361,-78.5056413, MANUELA SAENZ,CENTRO HISTORICO
IGLESIA PINTAG,-0.3716283,-78.3750217, LOS CHILLOS,PINTAG
PARQUE GABRIELA MISTRAL,-0.202055,-78.4888312,LA MARISCAL,MARISCAL SUCRE
PLAZA REPUBLICA,-0.2139214,-78.5032517, MANUELA SAENZ,SAN JUAN
PARQUE SAN CARLOS DE ALANGASI,-0.29656,-78.44093, LOS CHILLOS,ALANGASI
PARQUE JESUS DE NAZARETH,-0.3204413,-78.5371918,QUITUMBE,TURUBAMBA
PARQUE VIDA NUEVA 2,-0.351208,-78.528938,QUITUMBE,TURUBAMBA
UNIDAD EDUCATIVA DANIEL E PROAÑO,-0.228524,-78.52483, MANUELA SAENZ,LA LIBERTAD
PARQUE SANTA ANA,-0.2387605,-78.5198469,ELOY ALFARO,LA MAGDALENA
PARQUE CENTRAL NANEGAL,0.1370848,-78.6754418,CHOCO ANDINO,NANEGAL
CANCHAS BARRIO ECUADOR DEL FUTURO,-0.3412516,-78.5410089,QUITUMBE,TURUBAMBA
ECOVIA MARIN CENTRAL 1,-0.2219762,-78.5081485, MANUELA SAENZ,CENTRO HISTORICO
PARQUE SAN ISIDRO DE PUENGASI,-0.247165,-78.497321, MANUELA SAENZ,PUENGASI
PARQUE FULTON,-0.238055,-78.511339,ELOY ALFARO,CHIMBACALLE
CANCHAS SANTA ROSA DE LA ARGELIA,-0.27641,-78.527965,ELOY ALFARO,LA ARGELIA
ESCUELA VICENTE AURELIO CRESPO OCHOA,-0.2769944,-78.5169774,ELOY ALFARO,LA ARGELIA
CASA BARRIAL 14 DE ENERO,-0.25979,-78.540326,ELOY ALFARO,SAN BARTOLO
UNIDAD EDUCATIVA FEDERICO GARCIA LORCA,-0.31485,-78.559594,QUITUMBE,LA ECUATORIANA
PARQUE CRUZ ROJA CALDERON,-0.0983587,-78.4363248,CALDERON,CALDERON
CANCHAS EL MIRADOR DE SAN MARTIN,-0.311355,-78.5236633,QUITUMBE,QUITUMBE
BELLAVISTA,-0.190458,-78.474068, EUGENIO ESPEJO ,IÑAQUITO
PARQUE BONANZA,-0.136373,-78.478975, EUGENIO ESPEJO ,KENNEDY
UNIDAD EDUCATIVA LEIBNITZ,-0.110475,-78.460637, LA DELICIA ,COMITE DEL PUEBLO
PARQUE WLADIMIR CONDE,-0.267386,-78.534858,ELOY ALFARO,SOLANDA
LIGA BARRIAL MATILDE ALVAREZ,-0.3404682,-78.5458379,QUITUMBE,TURUBAMBA
PARQUE DE CHIMBACALLE,-0.2402933,-78.5145967,ELOY ALFARO,CHIMBACALLE
PARQUE PUEMBO,-0.1771605,-78.3589059, TUMBACO,PUEMBO
PARQUE DE LA FERROVIARIA BAJA,-0.254858,-78.5179439,ELOY ALFARO,LA FERROVIARIA
CANCHA ALBORADA DE MONJAS,-0.2275314,-78.4926441, MANUELA SAENZ,PUENGASI
PARQUE LA PLAYITA DE ZAMBIZA,-0.149997,-78.440278, EUGENIO ESPEJO ,ZAMBIZA
PARQUE DE LA JUVENTUD,-0.0993,-78.4535,CALDERON,CALDERON
LIGA BARRIAL COCHAPAMBA SUR,-0.1600057,-78.510159, EUGENIO ESPEJO ,COCHAPAMBA
AVENIDA 12 DE OCTUBRE,-0.2086483,-78.491445,LA MARISCAL,MARISCAL SUCRE
TROLE LA INTERNACIONAL,-0.2660284,-78.5322217,ELOY ALFARO,SAN BARTOLO
ESTADIO CANGAHUA,-0.0872537,-78.5004899, LA DELICIA ,EL CONDADO
CASA DEL ADULTO MAYOR,-0.0082444,-78.4462102, LA DELICIA ,SAN ANTONIO
PARQUE VICENTINA BAJO,-0.2161666,-78.486119, MANUELA SAENZ,ITCHIMBIA
FERROVIARIA,-0.2628403,-78.5146451,ELOY ALFARO,LA FERROVIARIA
PATRONATO SAN JOSE,-0.2518281,-78.5172098,ELOY ALFARO,LA FERROVIARIA
ECOVIA TEATRO MEXICO,-0.24055,-78.5114672,ELOY ALFARO,CHIMBACALLE
PARQUE OBRERO INDEPENDIENTE,-0.2444817,-78.489495, MANUELA SAENZ,PUENGASI
UNIDAD METROPOLITANA DE SALUD CENTRO,-0.220836,-78.518453, MANUELA SAENZ,CENTRO HISTORICO
CASA BARRIAL SANTA ISABEL,-0.322831,-78.532424,QUITUMBE,TURUBAMBA
PARQUE SPENCER,-0.2402258,-78.5118111,ELOY ALFARO,CHIMBACALLE
CANCHAS 23 DE MAYO,-0.2870897,-78.5596484,QUITUMBE,CHILLOGALLO
TROLE BANCO CENTRAL,-0.2166578,-78.5050742, MANUELA SAENZ,CENTRO HISTORICO
ESTADIO JAIME ROLDOS AGUILERA,-0.0842772,-78.4657683, LA DELICIA ,CARCELEN
CANCHAS DEL BARRIO BELLAVISTA,-0.2880498767,-78.3988647461, LOS CHILLOS,LA MERCED
UNIDAD EDUCATIVA PISULI,-0.089554,-78.5147063, LA DELICIA ,EL CONDADO
PARQUE PARA LA VIDA,-0.2101983,-78.3825731, TUMBACO,TUMBACO
LIGA BARRIAL LA FORESTAL,-0.2582234,-78.5038316,ELOY ALFARO,LA FERROVIARIA
TROLE CONDORÑAN,-0.297536,-78.5498606,QUITUMBE,QUITUMBE
CANCHAS FERROVIARIA,-0.2544471,-78.5129668,ELOY ALFARO,LA FERROVIARIA
PARQUE DE LOS SKATEPARK,-0.2435364,-78.5161057,ELOY ALFARO,CHIMBACALLE
CASA COMUNAL BARRIO ISRAEL,-0.055472,-78.428948,CALDERON,CALDERON
LA OFELIA,-0.108829,-78.48492, LA DELICIA ,PONCEANO
CASA BARRIAL NAZARETH,-0.121207,-78.483604, LA DELICIA ,PONCEANO
PARQUE CARCELEN,-0.085165,-78.469869, LA DELICIA ,CARCELEN
CANCHA SAN ENRIQUE DE VELASCO,-0.1028673,-78.51315, LA DELICIA ,EL CONDADO
CANCHA SANTA ANITA,0.0076769,-78.4688536, LA DELICIA ,SAN ANTONIO
PARQUE JOSE LUIS RODRIGUEZ,-0.254987,-78.490485, MANUELA SAENZ,PUENGASI
PARQUE CIUDADELA EL COMERCIO,-0.2745117,-78.5431067,ELOY ALFARO,SOLANDA
UPC SANTA ANA,-0.2377908,-78.5204042,ELOY ALFARO,LA MAGDALENA
PARQUE MANZANA B4,-0.093012,-78.450055,CALDERON,CALDERON
DOLOROSA ALTA,-0.3403567,-78.5815815,QUITUMBE,GUAMANI
PARQUE GABRIEL GARCIA MORENO,-0.2151534,-78.5072175, MANUELA SAENZ,SAN JUAN
CANCHAS LUZ Y VIDA,-0.0734766,-78.4398219,CALDERON,CALDERON
YAKU MUSEO DEL AGUA,-0.2171997,-78.5189929, MANUELA SAENZ,SAN JUAN
CANCHA DE FUTBOL LA JOSEFINA,-0.078651,-78.472413, LA DELICIA ,CARCELEN
ADMINISTRACION ZONAL QUITUMBE,-0.2959424,-78.5481804,QUITUMBE,QUITUMBE
CANCHA CUENDINA,-0.37459,-78.4809767, LOS CHILLOS,AMAGUAÑA
PARQUE COMITE DEL PUEBLO PUENGASI,-0.256217,-78.491795, MANUELA SAENZ,PUENGASI
PARQUE CENTRAL DE TABABELA,-0.1856544,-78.3451494, TUMBACO,TABABELA
PLAZA DE LOS PRESIDENTES,-0.206125,-78.49591,LA MARISCAL,MARISCAL SUCRE
BOULEVARD BARRIO INDEPENDENCIA,-0.058116,-78.455181, LA DELICIA ,POMASQUI
PARQUE LA VICENTINA,-0.21671,-78.48906, MANUELA SAENZ,ITCHIMBIA
LIGA BARRIAL PLAN TECHO,-0.0988254,-78.5344441, LA DELICIA ,EL CONDADO
PARADA 7,-0.1282002,-78.4165938,CALDERON,CALDERON
ESTADIO CALACALI,7.89e-06,-78.5116,CHOCO ANDINO,CALACALI
UPC PATAGONIA,-0.230713,-78.522398, MANUELA SAENZ,CENTRO HISTORICO
SULTANA DE LOS ANDES,-0.34927,-78.567661,QUITUMBE,GUAMANI
PARQUE PRIMAVERA DE CORNEJO,-0.325512,-78.561162,QUITUMBE,GUAMANI
PARQUE JORGE CORDOVEZ,-0.1435686,-78.4942585, EUGENIO ESPEJO ,LA CONCEPCION
PLAZA COTOCOLLAO,-0.1145793,-78.4975033, LA DELICIA ,COTOCOLLAO
IGLESIA DE ANGAMARCA,-0.2944264,-78.426337, LOS CHILLOS,ALANGASI
PARQUE ALANGASI,-0.308051,-78.415003, LOS CHILLOS,ALANGASI
LIGA BARRIAL SAN FRANCISCO FLQ,-0.2468427,-78.4950042, MANUELA SAENZ,PUENGASI
PARQUE LA VICTORIA,-0.3442402,-78.5582715,QUITUMBE,GUAMANI
PARQUE SAUSALITO,-0.304537,-78.485793, LOS CHILLOS,CONOCOTO
BELLAVISTA,-0.188543,-78.470318, EUGENIO ESPEJO ,IÑAQUITO
CANCHA GAETANA STERNI,-0.180663,-78.514855,LA MARISCAL,BELISARIO QUEVEDO
CANCHA SAN PABLO,-0.2213597,-78.4844072, MANUELA SAENZ,ITCHIMBIA
CANCHA LA PLAYITA,-0.370966,-78.504176, LOS CHILLOS,AMAGUAÑA
PARQUE DE LUMBISI,-0.2322568,-78.4484891, TUMBACO,CUMBAYA
CANCHA BUENAVENTURA,-0.2815118,-78.5816719,QUITUMBE,CHILLOGALLO
CASA COMUNAL LEOPOLDO CHAVEZ,-0.224126,-78.397083, TUMBACO,TUMBACO
PARQUE YAGUACHI,-0.2346598,-78.5287457,ELOY ALFARO,CHILIBULO
PARQUE RIO PALORA,-0.101864,-78.453377,CALDERON,CALDERON
CASA COMUNAL RANCHO LOS PINOS,-0.2913,-78.51802,ELOY ALFARO,LA ARGELIA
CENTRO DE SALUD TOCTIUCO,-0.2125365,-78.5239823, MANUELA SAENZ,SAN JUAN
BILOXI,-0.252003,-78.548254,ELOY ALFARO,LA MENA
CANCHA LA ISLA,-0.213438,-78.32636, TUMBACO,YARUQUI
PARQUE PRIMICIAS DE LA CULTURA DE QUITO,-0.2923987,-78.5601015,QUITUMBE,LA ECUATORIANA
PARQUE EL CONDE,-0.3185677,-78.53615,QUITUMBE,TURUBAMBA
PARQUE CUMANDA,-0.2283117,-78.51192, MANUELA SAENZ,CENTRO HISTORICO
ESTADIO DE NAYON,-0.1566578,-78.4344917, EUGENIO ESPEJO ,NAYON
CANCHAS DE FUTBOL EL CONDE,-0.31731,-78.5354159,QUITUMBE,TURUBAMBA
CASA COMUNAL PONCEANO BAJO,-0.1043587,-78.4854926, LA DELICIA ,PONCEANO
PARQUE VARGAS CRUZ,-0.266311,-78.499932, LOS CHILLOS,CONOCOTO
COLEGIO LIGDANO CHAVEZ,-0.0865,-78.4681542, LA DELICIA ,CARCELEN
UNIDAD EDUCATIVA LUCILA SANTOS,-0.246375,-78.483384, MANUELA SAENZ,PUENGASI
PRADOS DEL CARMEN,-0.127708,-78.455765,CALDERON,LLANO CHICO
CENTRO DE SALUD GUANGOPOLO,-0.257302,-78.451137, LOS CHILLOS,GUANGOPOLO
PARQUE YAVIRAC,-0.2262897,-78.5203488, MANUELA SAENZ,CENTRO HISTORICO
PLAZA DE SAN FRANCISCO,-0.221172,-78.515187, MANUELA SAENZ,CENTRO HISTORICO
CANCHA ESCALON 2,-0.328704,-78.53015,QUITUMBE,TURUBAMBA
CANCHAS HEROES DE PAQUISHA,-0.3429261,-78.5643369,QUITUMBE,GUAMANI
CANCHAS SANTA ANA ALTA,-0.1213274,-78.5178992, LA DELICIA ,EL CONDADO
CANCHA KENNEDY,-0.1392023,-78.4792684, EUGENIO ESPEJO ,KENNEDY
PARQUE CERRO AZUL,-0.092987,-78.451397,CALDERON,CALDERON
PARQUE BARRIO OCCIDENTAL,-0.125245,-78.506576, EUGENIO ESPEJO ,COCHAPAMBA
CENTRO CULTURAL KAWSARINA,-0.285449,-78.532276,ELOY ALFARO,LA ARGELIA
CENTRO DE SALUD EL BEATERIO,-0.3179679,-78.5355008,QUITUMBE,TURUBAMBA
CANCHAS PIO XII,-0.242769,-78.5047241,ELOY ALFARO,LA FERROVIARIA
LIGA BARRIAL EL CONDE,-0.3245737,-78.5241122,QUITUMBE,TURUBAMBA
PARQUE CONFITECA,-0.3011,-78.54,QUITUMBE,QUITUMBE
PARQUE PACPO SIGLO XXI,-0.054896,-78.434152,CALDERON,CALDERON
CANCHA PIFO,-0.2191817,-78.3391667, TUMBACO,PIFO
CENTRO INFANTIL DE LAS CUCARDAS,0.00369,-78.4601, LA DELICIA ,SAN ANTONIO
CANCHA PATRIMONIO FAMILIAR,-0.234245,-78.48957, MANUELA SAENZ,PUENGASI
COMITE PROMEJORAS CAUPICHO,-0.328546,-78.540445,QUITUMBE,TURUBAMBA
PARQUE SIDERAL,-0.0890333,-78.4488631,CALDERON,CALDERON
ESTADIO SANTA INES,-0.197995,-78.420515, TUMBACO,CUMBAYA
PLAZA GASTRONOMICA EL TINGO,-0.287569,-78.439417, LOS CHILLOS,ALANGASI
PARQUE EL ROCIO,-0.111107,-78.488767, LA DELICIA ,PONCEANO
CAPILLA BUENA ESPERANZA,-0.1961576,-78.3839608, TUMBACO,TUMBACO
PARQUE LA PRADERA,-0.0568391,-78.4209588,CALDERON,CALDERON
CENTRO DE EQUIDAD Y JUSTICIA CALDERON,-0.1038478,-78.4537302,CALDERON,CALDERON
CASA BARRIAL BEATERIO ALTO,-0.30385,-78.53118,QUITUMBE,QUITUMBE
CANCHA CIUDADELA ATAHUALPA,-0.249257,-78.533676,ELOY ALFARO,LA MAGDALENA
PARQUE CENTRAL OYACOTO,-0.1071999,-78.3959968,CALDERON,CALDERON
TROLE ALAMEDA SUR,-0.2137603,-78.502759, MANUELA SAENZ,ITCHIMBIA
HOSPITAL ALBERTO CORREA CORNEJO,-0.161419,-78.320739, TUMBACO,YARUQUI
SANTA ROSA DE CONOCOTO,-0.2908716,-78.50182, LOS CHILLOS,CONOCOTO
IGLESIA SAN JOSE DE PUEMBO,-0.1974041,-78.3473318, TUMBACO,PUEMBO
PARQUE CENTRAL LLOA,-0.2478814,-78.5828307,ELOY ALFARO,LLOA
COLEGIO SIMON BOLIVAR,-0.209171,-78.502677, MANUELA SAENZ,SAN JUAN
CANCHA CENEPA,0.005462,-78.448025, LA DELICIA ,SAN ANTONIO
TROLE MAYORISTA,-0.2726595,-78.538087,ELOY ALFARO,SOLANDA
MERCADO,-0.0040487,-78.4444725, LA DELICIA ,SAN ANTONIO
PARQUE ALANGASI,-0.3085144,-78.4149339, LOS CHILLOS,ALANGASI
CENTRO DE SALUD CHIMBACALLE,-0.2445728,-78.513375,ELOY ALFARO,CHIMBACALLE
INSTITUTO GEOGRAFICO MILITAR,-0.214951,-78.492633, MANUELA SAENZ,ITCHIMBIA
PARQUE SANTA TERESITA DEL VALLE,-0.2632183,-78.5004583, LOS CHILLOS,CONOCOTO
CANCHA TIWINZA,-0.0973231,-78.5260841, LA DELICIA ,EL CONDADO
"ESCUELA ""CAPITAN ALFONSO ARROLLO""",-0.2812308976,-78.52422503,ELOY ALFARO,LA ARGELIA
CENTRO MEDICO SANTA HILDEGARDA,-0.0838681,-78.5104314, LA DELICIA ,EL CONDADO
PARQUE GONZALO DE LA VEGA,-0.213132,-78.518895, MANUELA SAENZ,SAN JUAN
PARQUE DE GUALO,-0.141438,-78.442118,CALDERON,LLANO CHICO
CASA BARRIAL BOLIVAR RODRIGUEZ,-0.226829,-78.49214, MANUELA SAENZ,PUENGASI
PLAZA CULTURAL JUAN MONTALVO,-0.0922011,-78.4526089,CALDERON,CALDERON
PARQUE CENTRAL GUANGOPOLO,-0.2590124,-78.4518854, LOS CHILLOS,GUANGOPOLO
CANCHA LA ARGELIA,-0.291659,-78.532364,ELOY ALFARO,LA ARGELIA
PARQUE RUMILOMA,-0.2639609575,-78.4516677856, LOS CHILLOS,GUANGOPOLO
COLEGIO ANGELICA IDROBO,-0.1029773,-78.5100921, LA DELICIA ,EL CONDADO
PARQUE CENTRAL NANEGALITO,0.0615954,-78.6823498,CHOCO ANDINO,NANEGALITO
PARQUE ECOLOGICO LA MAGDALENA,-0.238057,-78.5261837,ELOY ALFARO,LA MAGDALENA
PARADA GARCIA MORENO,-0.138468,-78.413412,CALDERON,LLANO CHICO
PARQUE CHIVIQUI,-0.2271951,-78.3876747, TUMBACO,TUMBACO
IGLESIA LA TOLA CHICA,-0.2198762,-78.3739042, TUMBACO,TUMBACO
CANCHA LA TRINIDAD,-0.340661,-78.556081,QUITUMBE,GUAMANI
IGLESIA SAN JOSE DE COCOTOG,-0.137686,-78.426765,CALDERON,LLANO CHICO
TROLE LA COLINA,-0.2358077,-78.5148905,ELOY ALFARO,CHIMBACALLE
GUANGOPOLO,-0.2581084,-78.4518271, LOS CHILLOS,GUANGOPOLO
SAN MARCOS,-0.2248055935,-78.50806427, MANUELA SAENZ,CENTRO HISTORICO
CENTRO DE SALUD LA ECUATORIANA,-0.31078,-78.5616617,QUITUMBE,LA ECUATORIANA
PARQUE LINEAL BERNARDO DAVALOS,-0.253839,-78.497838, MANUELA SAENZ,PUENGASI
PARQUE RIO NUEVO,-0.2605529,-78.5495693,ELOY ALFARO,LA MENA
PARQUE DE OYAMBARILLO,-0.1947733,-78.331607, TUMBACO,TABABELA
PARQUE LA BOTA,-0.117302,-78.4571405, LA DELICIA ,COMITE DEL PUEBLO
BEATRIZ COQUILANGO,-0.011487,-78.438794, LA DELICIA ,SAN ANTONIO
CANCHA SAN LUIS DE CHILLOGALLO,-0.2751567,-78.5678056,QUITUMBE,CHILLOGALLO
PLAZA DE LAS CONCEPTAS,-0.218947,-78.511665, MANUELA SAENZ,CENTRO HISTORICO
CASA BARRIAL NUEVA JERUSALEM,-0.3366651,-78.5377288,QUITUMBE,TURUBAMBA
CENTRO DE SALUD LA RAYA,-0.254734,-78.544092,ELOY ALFARO,CHILIBULO
CANCHA INCHAPICHO,-0.171344,-78.441191, EUGENIO ESPEJO ,NAYON
PARQUE VICENTINA BAJA,-0.21825,-78.48623, MANUELA SAENZ,ITCHIMBIA
ESCALINATA N69A,-0.108766,-78.484054, LA DELICIA ,PONCEANO
CENTRO DE EDUCACION INICIAL MERCEDES GONZALEZ DE MOSCOSO,-0.2575032,-78.5515846,ELOY ALFARO,LA MENA
UPC LA GASCA,-0.1935333,-78.5072237,LA MARISCAL,BELISARIO QUEVEDO
PARQUE MANZANA A5,-0.100408,-78.4516864,CALDERON,CALDERON
PARQUE CIUDADELA DEL EJERCITO,-0.3112781,-78.5483041,QUITUMBE,GUAMANI
PARQUE CENTRAL LLANO CHICO,-0.127149,-78.444264,CALDERON,LLANO CHICO
ADMINISTRACION ZONAL LA MARISCAL,-0.2064882,-78.4912654,LA MARISCAL,MARISCAL SUCRE
ECOVIA BEATERIO NUEVA AURORA,-0.3179717,-78.5490407,QUITUMBE,TURUBAMBA
CENTRO DE SALUD ITCHIMBIA,-0.2244775,-78.5052965, MANUELA SAENZ,CENTRO HISTORICO
PARQUE DE LOS TICTIRIANES,-0.077088,-78.470312, LA DELICIA ,CARCELEN
CORNEJO ALTO,-0.259543,-78.466122, LOS CHILLOS,CONOCOTO
CAMINO DE LOS INCAS,-0.278692,-78.511857,ELOY ALFARO,LA ARGELIA
ECOVIA DE LAS UNIVERSIDADES,-0.2081469,-78.4902681,LA MARISCAL,MARISCAL SUCRE
PUEBLO UNIDO,-0.2978367,-78.5291617,QUITUMBE,QUITUMBE
LIGA BARRIAL EL GIRON,-0.2912214,-78.5678533,QUITUMBE,CHILLOGALLO
TROLE HERMANO MIGUEL,-0.2177911,-78.5061441, MANUELA SAENZ,CENTRO HISTORICO
COMITE PROMEJORAS CAUPICHO,-0.328135,-78.538178,QUITUMBE,TURUBAMBA
CANCHA LA ECUATORIANA,-0.299696,-78.5628524,QUITUMBE,LA ECUATORIANA
IGLESIA LA COCHA,-0.3194333,-78.5304492,QUITUMBE,QUITUMBE
BELLAVISTA,-0.189249,-78.471054, EUGENIO ESPEJO ,IÑAQUITO
PLAZA EL CONSUELO,-0.21747,-78.498945, MANUELA SAENZ,ITCHIMBIA
OBELISCO DE LA VICENTINA,-0.215149,-78.487226, MANUELA SAENZ,ITCHIMBIA
PARQUE CENTRAL MANGAHUANTAG,-0.1689611,-78.3706957, TUMBACO,PUEMBO
BELLAVISTA,-0.19086,-78.46991, EUGENIO ESPEJO ,IÑAQUITO
CASA BARRIAL SAN JUAN,-0.2127568,-78.510372, MANUELA SAENZ,SAN JUAN
TROLE EL FLORON SUR,-0.1851714296,-78.49077246, EUGENIO ESPEJO ,IÑAQUITO
CENTRO DE SALUD LA VICENTINA,-0.217938,-78.4848716, MANUELA SAENZ,ITCHIMBIA
CENTRO CULTURAL BENJAMIN CARRION,-0.205395,-78.497772,LA MARISCAL,MARISCAL SUCRE
CANCHA LA JOSEFINA,-0.0790491,-78.4729938, LA DELICIA ,CARCELEN
PARQUE JIPIJAPA,-0.066243,-78.427731,CALDERON,CALDERON
TROLE AMARUÑAN,-0.29068,-78.5454917,QUITUMBE,QUITUMBE
ECOVIA AYAPAMBA,-0.2786987,-78.5320886,ELOY ALFARO,SOLANDA
CANCHA LA GARZOTA,-0.26852,-78.562082,ELOY ALFARO,LA MENA
CANCHAS CASPIGASI,0.0105647,-78.4795784, LA DELICIA ,SAN ANTONIO
PARQUE DEL HEROE,-0.218245,-78.45467, TUMBACO,CUMBAYA
CASA BARRIAL SEÑOR DEL ARBOL,-0.009847,-78.441256, LA DELICIA ,SAN ANTONIO
CENTRO DE SALUD LLOA,-0.2477619,-78.5802802,ELOY ALFARO,LLOA
TROLE SOLANDA,-0.2700509,-78.5355334,ELOY ALFARO,SOLANDA
ECOVIA EL CAPULI,-0.2989793,-78.5418225,QUITUMBE,QUITUMBE
COMITE PROMEJORAS AÑORANZA,-0.3308688,-78.5596017,QUITUMBE,GUAMANI
PLAZA EL QUINDE,-0.2028301,-78.4910545,LA MARISCAL,MARISCAL SUCRE
PARQUE JULIO ENDARA,-0.2188314945,-78.4980163574, MANUELA SAENZ,ITCHIMBIA
CANCHA LA ESPERANZA,-0.337255,-78.568245,QUITUMBE,GUAMANI
PARQUE LA ARGELIA,-0.2773249,-78.5216444,ELOY ALFARO,LA ARGELIA
PARQUE SAUCES DEL VALLE,-0.254758,-78.487301, MANUELA SAENZ,PUENGASI
CANCHA LOS ANDES,-0.2796258,-78.5658641,QUITUMBE,CHILLOGALLO
MERCADO LAS CUADRAS,-0.280842,-78.557008,QUITUMBE,CHILLOGALLO
PARQUE Y CENTRO DE CAPACITACION,-0.081377,-78.467954, LA DELICIA ,CARCELEN
CASA COMUNAL,-0.047982,-78.456569, LA DELICIA ,POMASQUI
PARQUE RODRIGO PALLARES,-0.2027163,-78.4391598, TUMBACO,CUMBAYA
ECOVIA BACA ORTIZ,-0.2023136,-78.4867423,LA MARISCAL,MARISCAL SUCRE
LIGA BARRIAL SAN JOSE DE MONJAS,-0.232775,-78.4907452, MANUELA SAENZ,PUENGASI
CASA BARRIAL CHILIBULO,-0.238816,-78.534221,ELOY ALFARO,CHILIBULO
CASA BARRIAL HOSPITAL NRO. 1,-0.30614,-78.53018,QUITUMBE,QUITUMBE
ECOVIA CASA DE LA CULTURA,-0.2089308,-78.4960882, MANUELA SAENZ,ITCHIMBIA
MANUEL MARIA RECALDE Y DOLORES CACUANGO,-0.273013,-78.564308,QUITUMBE,CHILLOGALLO
ECOVIA MARIN CENTRAL 2,-0.2219004,-78.5085814, MANUELA SAENZ,CENTRO HISTORICO
CASA BARRIAL COLMENA,-0.22465,-78.524649, MANUELA SAENZ,LA LIBERTAD
COMITE PROMEJORAS BARRIO EL SOL,-0.354884,-78.53538,QUITUMBE,TURUBAMBA
CANCHA DAULE,-0.23839,-78.512992,ELOY ALFARO,CHIMBACALLE
PARQUE RAMON NAVA,-0.229005,-78.516152, MANUELA SAENZ,CENTRO HISTORICO
PARQUE ALMA LOJANA,-0.233607,-78.482612, MANUELA SAENZ,PUENGASI
PLAZA DE GUAPULO,-0.2005817,-78.4753417, MANUELA SAENZ,ITCHIMBIA
PARQUE JUAN MONTALVO,-0.0916352,-78.4498874,CALDERON,CALDERON
IGLESIA SAN SEBASTIAN,-0.2287272,-78.5128707, MANUELA SAENZ,CENTRO HISTORICO
CASA BARRIAL TANASA,-0.2773764,-78.5258328,ELOY ALFARO,LA ARGELIA
PARQUE LA VICENTINA,-0.2163035,-78.4891649, MANUELA SAENZ,ITCHIMBIA
URBANIZACION CARLOS ANDRADE MARIN,-0.132468,-78.478408, EUGENIO ESPEJO ,KENNEDY
IGLESIA NUESTRA SEÑORA DE LA MERCED,-0.218529,-78.513642, MANUELA SAENZ,CENTRO HISTORICO
IGLESIA SANTA RAFAELA,-0.245117,-78.535542,ELOY ALFARO,CHILIBULO
PARQUE TURUBAMBA DE MONJAS,-0.320255,-78.5634683,QUITUMBE,GUAMANI
PARQUE CENTRAL MARIANITA DE JESUS,-0.082593,-78.4180473,CALDERON,CALDERON
CASA COMUNAL 24 DE JUNIO,-0.056467,-78.428099,CALDERON,CALDERON
CANCHA PONCEANO,-0.103206,-78.487001, LA DELICIA ,PONCEANO
PARQUE DEL CONCEJO,-0.0799624,-78.5035628, LA DELICIA ,EL CONDADO
LIGA DEPORTIVA SAN RAFAEL DE COTOCOLLAO,-0.112935,-78.50524, LA DELICIA ,EL CONDADO
ESCUELA FE Y ALEGRIA,-0.232309,-78.528084,ELOY ALFARO,CHILIBULO
PARQUE ISLA PUNA,-0.0858451,-78.4493674,CALDERON,CALDERON
LIGA BARRIAL RANCHO SAN ANTONIO,-0.1019669,-78.5232725, LA DELICIA ,EL CONDADO
MERCADO LA BOTA,-0.116703,-78.4580024, LA DELICIA ,COMITE DEL PUEBLO
CENTRO DE SALUD SANTA CLARA DE MILLAN,-0.1895441,-78.5144766,LA MARISCAL,BELISARIO QUEVEDO
PARQUE PLAZAPAMBA,-0.2333803,-78.3813659, TUMBACO,TUMBACO
PARQUE OBRERO INDEPENDIENTE,-0.2501169,-78.4960271, MANUELA SAENZ,PUENGASI
COMITE PROMEJORAS ONCE DE MAYO,-0.3557583,-78.5394583,QUITUMBE,TURUBAMBA
MUSHUK KAWSAY,-0.353109,-78.558203,QUITUMBE,GUAMANI
ESCUELA CRISTOBAL COLON,-0.3678867,-78.3753337, LOS CHILLOS,PINTAG
ESTADIO DE CHICHE OBRAJE,-0.2038209,-78.363579, TUMBACO,PUEMBO
PLAZA CENTRAL SAN MIGUEL DEL COMUN,-0.0937414,-78.4114469,CALDERON,CALDERON
CANCHA DIAZ DE LA MADRID,-0.183886,-78.509783,LA MARISCAL,BELISARIO QUEVEDO
PARQUE JULIO MATOVELLE,-0.213615,-78.50805, MANUELA SAENZ,SAN JUAN
ESTADIO NANEGAL,0.1387939,-78.6786752,CHOCO ANDINO,NANEGAL
PLAZA BENALCAZAR,-0.2177847773,-78.5117797852, MANUELA SAENZ,CENTRO HISTORICO
ACCION POPULAR,-0.2538504,-78.4939089, MANUELA SAENZ,PUENGASI
PARQUE CORDILLERA DE COTOCOLLAO,-0.1268111,-78.5251169, LA DELICIA ,EL CONDADO
IGLESIA COCOTOG,-0.1376445,-78.426386,CALDERON,LLANO CHICO
PARQUE BORJA YEROVI,-0.2033,-78.4957,LA MARISCAL,MARISCAL SUCRE
MERCADO PIFO,-0.2247,-78.3369, TUMBACO,PIFO
CASA BARRIAL VALLES DEL SUR,-0.3155674,-78.5274424,QUITUMBE,QUITUMBE
CANCHAS DE LA ZONA 8,-0.1252777,-78.4661841, LA DELICIA ,COMITE DEL PUEBLO
PARQUE LA CURVA,-0.112187,-78.4601296, LA DELICIA ,COMITE DEL PUEBLO
IGLESIA DE SAN JOSE,-0.093247,-78.500413, LA DELICIA ,EL CONDADO
UPC GUAPULO,-0.201497,-78.476451, MANUELA SAENZ,ITCHIMBIA
CANCHA TOCTIUCO,-0.2074583,-78.5225122, MANUELA SAENZ,SAN JUAN
BELLAVISTA,-0.1913754,-78.4704, EUGENIO ESPEJO ,IÑAQUITO
TIERRA MIA,-0.339663,-78.5798845,QUITUMBE,GUAMANI
LIGA BARRIAL BELLAVISTA,-0.1903473,-78.4719126, EUGENIO ESPEJO ,IÑAQUITO
UPC SANTA BARBARA,-0.271822,-78.557877,ELOY ALFARO,LA MENA
BELLAVISTA,-0.188465,-78.471854, EUGENIO ESPEJO ,IÑAQUITO
PARQUE CENTRAL LA CAPILLA,-0.11454,-78.41247,CALDERON,CALDERON
CHECA,-0.128537,-78.308791, TUMBACO,CHECA
ESCUELA LUIS TUFIÑO,-0.09276,-78.4987165, LA DELICIA ,EL CONDADO
ESCUELA GENERAL NUMACURO,-0.2903772755,-78.505897522, LOS CHILLOS,CONOCOTO
CANCHA JARDIN DEL VALLE,-0.2280277,-78.4841095, MANUELA SAENZ,PUENGASI
PARQUE ORIENTE QUITEÑO,-0.278088,-78.514612,ELOY ALFARO,LA ARGELIA
PARQUE DE MARIANITAS,-0.082491,-78.4183014,CALDERON,CALDERON
CASA ADULTO MAYOR LOS CHILLOS,-0.291589,-78.47175, LOS CHILLOS,CONOCOTO
SAN MIGUEL DE ZAMBIZA,-0.149814,-78.435956, EUGENIO ESPEJO ,ZAMBIZA
ZAMBIZA,-0.148409,-78.442647, EUGENIO ESPEJO ,ZAMBIZA
PARQUE SANTA ISABEL,-0.338904,-78.486207, LOS CHILLOS,AMAGUAÑA
ECOVIA EL COMERCIO,-0.2718981,-78.5291373,ELOY ALFARO,SOLANDA
PARQUE EL CAMPING,-0.1228949,-78.3142152, TUMBACO,CHECA
CANCHA VIRGEN DEL CISNE,-0.2405192,-78.4816344, MANUELA SAENZ,PUENGASI
CANCHA SANTA ROSA DE CUMBAYA,-0.209361,-78.45722, TUMBACO,CUMBAYA
CASA COMUNAL EDEN DEL VALLE,-0.239861,-78.487572, MANUELA SAENZ,PUENGASI
CASA BARRIAL VISTA HERMOSA DEL SUR,-0.3051167,-78.5318767,QUITUMBE,QUITUMBE
PARQUE SAN JUAN CALDERON,-0.0635163,-78.4295068,CALDERON,CALDERON
BOULEVARD COCOTOG,-0.1385891,-78.4189277, EUGENIO ESPEJO ,ZAMBIZA
MIRADOR DE GUAPULO,-0.2013992,-78.4792061, MANUELA SAENZ,ITCHIMBIA
ESTADIO LIGA BARRIAL LA RUMIÑAHUI,-0.1235906,-78.4899877, EUGENIO ESPEJO ,KENNEDY
PARQUE FRANCISCO ATAHUALPA,-0.304366,-78.560475,QUITUMBE,LA ECUATORIANA
PARQUE PABLO HERRERA,-0.090058,-78.453095,CALDERON,CALDERON
BELLAVISTA,-0.191391,-78.471986, EUGENIO ESPEJO ,IÑAQUITO
PARQUE PABLO HERRERA,-0.0900202,-78.4538477,CALDERON,CALDERON
ESCUELA UNION SOVIETICA,-0.159534,-78.504046, EUGENIO ESPEJO ,COCHAPAMBA
MERCADO QUITO SUR,-0.2600351,-78.5310783,ELOY ALFARO,SAN BARTOLO
UNIDAD METROPOLITANA DE SALUD SUR,-0.2521155,-78.5168252,ELOY ALFARO,LA FERROVIARIA
NUEVOS HORIZONTES DE HUARCAY,-0.2947452,-78.5767073,QUITUMBE,LA ECUATORIANA
PARQUE ARCO IRIS,-0.0596645,-78.4172662,CALDERON,CALDERON
CASA COMUNAL,-0.0984775,-78.5027176, LA DELICIA ,EL CONDADO
BELLAVISTA,-0.190157,-78.471475, EUGENIO ESPEJO ,IÑAQUITO
TROLE PLAZA DEL TEATRO,-0.2187365592,-78.5088272095, MANUELA SAENZ,CENTRO HISTORICO
CANCHA SAN JUAN BAUTISTA,-0.2047119,-78.4493889, TUMBACO,CUMBAYA
CASA BARRIAL COMITE DEL PUEBLO,-0.118231,-78.463745, LA DELICIA ,COMITE DEL PUEBLO
CDI VELASCO,-0.102966,-78.512993, LA DELICIA ,EL CONDADO
LIGA LAS CASAS,-0.187596847,-78.508689,LA MARISCAL,BELISARIO QUEVEDO
PASAJE PUERTO BAQUERIZO MORENO,-0.086899,-78.449292,CALDERON,CALDERON
IGLESIA SANTA ROSA,-0.2907972,-78.4995902, LOS CHILLOS,CONOCOTO
PARQUE 23 DE JUNIO,-0.107073,-78.498638, LA DELICIA ,COTOCOLLAO
AREA VERDE DE LOS ALMENDROS,-0.113397,-78.465823, LA DELICIA ,COMITE DEL PUEBLO
PARQUE SANTA LUCIA DE LA ARGELIA,-0.280124,-78.527349,ELOY ALFARO,LA ARGELIA
LLANO CHICO,-0.127108,-78.4467417,CALDERON,LLANO CHICO
IGLESIA SAN JOSE MORAN,-0.0827203,-78.437039,CALDERON,CALDERON
PARQUE GUALO,-0.141651,-78.443068,CALDERON,LLANO CHICO
BELLAVISTA,-0.188919,-78.472409, EUGENIO ESPEJO ,IÑAQUITO
UPC FERROVIARIA MEDIA,-0.256772,-78.5146392,ELOY ALFARO,LA FERROVIARIA
CANCHA 9 DE DICIEMBRE,-0.2779622,-78.5765345,QUITUMBE,CHILLOGALLO
ECOVIA PACARILLACTA,-0.2923517,-78.5393633,QUITUMBE,QUITUMBE
ESCUELA NICOLAS GILLEN,-0.291138,-78.52839,ELOY ALFARO,LA ARGELIA
CASA BARRIAL SAN JOSE OBRERO,-0.30094,-78.535555,QUITUMBE,QUITUMBE
ECOVIA ORELLANA,-0.1994913,-78.4847316, EUGENIO ESPEJO ,IÑAQUITO
COLEGIO RUMANIA,-0.086292,-78.47132, LA DELICIA ,CARCELEN
BOULEVARD COCOTOG,-0.1384909,-78.415792,CALDERON,LLANO CHICO
CANCHAS MULTIPLES,-0.095202,-78.52696, LA DELICIA ,EL CONDADO
ESCUELA 24 DE MAYO DE GUALO,-0.138936,-78.439041,CALDERON,LLANO CHICO
CANCHA HEROES DE PAQUISHA,-0.3434493,-78.5623796,QUITUMBE,GUAMANI
UPC SAN FRANCISCO DE HUARCAY,-0.2955308,-78.5757592,QUITUMBE,LA ECUATORIANA
ESCUELA BARTOLOME DE LAS CASAS,-0.3728683,-78.484755, LOS CHILLOS,AMAGUAÑA
IGLESIA NUESTRA SEÑORA DE LA PAZ,-0.19471,-78.481075, EUGENIO ESPEJO ,IÑAQUITO
TROLE RECOLETA SUR,-0.2310935,-78.5136185, MANUELA SAENZ,CENTRO HISTORICO
PARQUE LA SALLANOS,-0.3236618,-78.4855416, LOS CHILLOS,AMAGUAÑA
CASA BARRIAL COLLAQUI,-0.176761,-78.397879, TUMBACO,TUMBACO
LA COMUNA,-0.179635,-78.5169531,LA MARISCAL,BELISARIO QUEVEDO
LOS ROSALES DE GUAMANI,-0.3553933,-78.5376633,QUITUMBE,TURUBAMBA
PLAZUELA QUISHUAR,-0.052835,-78.4631733, LA DELICIA ,POMASQUI
MERCADO AMERICA,-0.2096239,-78.5047835, MANUELA SAENZ,SAN JUAN
PARQUE NOBOA,-0.122599,-78.323442, TUMBACO,CHECA
CANCHA EL MANANTIAL,-0.0944377,-78.504598, LA DELICIA ,EL CONDADO
COLINAS DEL SUR,-0.3328551,-78.573319,QUITUMBE,GUAMANI
PARQUE LA COMPAÑIA DE GUAMANI,-0.3460467,-78.5646683,QUITUMBE,GUAMANI
CANCHA SAN LORENZO,-0.14884,-78.507786, EUGENIO ESPEJO ,COCHAPAMBA
PASAJE GIRON,-0.3421047,-78.5468239,QUITUMBE,TURUBAMBA
TROLE TURUBAMBA,-0.2786588,-78.5428311,ELOY ALFARO,SOLANDA
PARQUE RIO MIRA,-0.101932,-78.451805,CALDERON,CALDERON
"ESTADIO ""PATRICO ROMERO"" LLANO GRANDE",-0.1303,-78.4116,CALDERON,CALDERON
LA COMUNA,-0.182012,-78.515812,LA MARISCAL,BELISARIO QUEVEDO
PARQUE LUCIANO ANDRADE MARIN,-0.125322,-78.497612, LA DELICIA ,COTOCOLLAO
CANCHA EL CISNE,-0.3499,-78.5345,QUITUMBE,TURUBAMBA
AJAVI,-0.258301,-78.542861,ELOY ALFARO,SAN BARTOLO
PISCINA PIFO,-0.2230836,-78.3349542, TUMBACO,PIFO
PARQUE RUMIÑAHUI ALTA,-0.125975,-78.485645, EUGENIO ESPEJO ,KENNEDY
ESTADIO DE MANGAHUANTAG,-0.1727779,-78.3719421, TUMBACO,PUEMBO
AREA VERDE LA PLANICIE,-0.0790551,-78.4500261,CALDERON,CALDERON
LIGA BARRIAL EL CISNE,-0.1303135,-78.5118651, EUGENIO ESPEJO ,COCHAPAMBA
BELLAVISTA,-0.189749,-78.472266, EUGENIO ESPEJO ,IÑAQUITO
PARQUE BUENOS AIRES,-0.2376,-78.4779, MANUELA SAENZ,PUENGASI
PARQUE RIO CHOTA,-0.100047,-78.452958,CALDERON,CALDERON
ESCUELA GLEN SIDE FE Y ALEGRIA,-0.3347467,-78.38376, LOS CHILLOS,PINTAG
PARQUE DE LA D9,-0.0900718,-78.4493187,CALDERON,CALDERON
PARQUE JULIO MATOVELLE,-0.2858519,-78.5631663,QUITUMBE,CHILLOGALLO
PARQUE EL HERALDO,-0.1727721,-78.4780449, EUGENIO ESPEJO ,IÑAQUITO
CASA BARRIAL SAN JOSE,-0.1640689,-78.3074663, TUMBACO,YARUQUI
ESTADIO GUANGOPOLO,-0.2578571,-78.4501551, LOS CHILLOS,GUANGOPOLO
MIRANDA,-0.334019,-78.4825, LOS CHILLOS,AMAGUAÑA
CASA BARRIAL SEÑOR DE LA BUENA ESPERANZA,-0.3037783,-78.5327383,QUITUMBE,QUITUMBE
PARQUE BOSQUES DE CALDERON,-0.097134,-78.4358,CALDERON,CALDERON
CAPILLA DE BARRIO CUBA,-0.0630267,-78.4685813, LA DELICIA ,POMASQUI
CANCHA NUEVOS HORIZONTES,-0.3055575,-78.5270659,QUITUMBE,QUITUMBE
PARQUE RIO PANGOR,-0.0991275,-78.4543541,CALDERON,CALDERON
CANCHA COTOCOLLAO,-0.121521,-78.518156, LA DELICIA ,EL CONDADO
PARQUE SAN JOSE DE MONJAS,-0.2310287,-78.4925023, MANUELA SAENZ,PUENGASI
ESCALINATA LA OFELIA,-0.1085092,-78.4859038, LA DELICIA ,PONCEANO
CANCHAS LAS CUADRAS,-0.277919,-78.549631,ELOY ALFARO,SOLANDA
SANTA TERESITA DEL VALLE,-0.265549,-78.501235, LOS CHILLOS,CONOCOTO
CANCHAS FERROVIARIA ALTA,-0.263233,-78.517139,ELOY ALFARO,LA FERROVIARIA
AMAGUAÑA,-0.3468066156,-78.4816818237, LOS CHILLOS,AMAGUAÑA
COMUNA SANTA ANITA,-0.0985561,-78.4047037,CALDERON,CALDERON
PARQUE EL DEAN BAJO,-0.324211,-78.471825, LOS CHILLOS,CONOCOTO
ECOVIA GUAJALO,-0.2877455,-78.5378995,ELOY ALFARO,LA ARGELIA
BELLAVISTA,-0.1899601,-78.469957, EUGENIO ESPEJO ,IÑAQUITO
PARQUE NICARAGUA,-0.207542,-78.509315, MANUELA SAENZ,SAN JUAN
CASA BARRIAL ANDALUZ,-0.2851482,-78.4828827, LOS CHILLOS,CONOCOTO
TROLE EL CALZADO,-0.2583972,-78.5261386,ELOY ALFARO,SAN BARTOLO
ESTADIO DE CONOCOTO,-0.3022511,-78.4904493, LOS CHILLOS,CONOCOTO
LIGA BARRIAL LAS MARIAS,-0.2190866,-78.4114411, TUMBACO,TUMBACO
YARUQUI,-0.1623933,-78.3155165, TUMBACO,YARUQUI
CANCHA VALLE VERDE,-0.322635,-78.5572933,QUITUMBE,GUAMANI
LIGA BARRIAL COTOCOLLAO,-0.125507,-78.5225344, LA DELICIA ,EL CONDADO
ESTADIO PINTAG,-0.3727017,-78.3731733, LOS CHILLOS,PINTAG
PARQUE SAN PEDRO DEL VALLE,-0.1727223,-78.4236116, EUGENIO ESPEJO ,NAYON
UPC CHAGUARQUINGO,-0.247341,-78.507258,ELOY ALFARO,CHIMBACALLE
LIGA BARRIAL PORTAL DE CARAPUNGO,-0.0847724,-78.4495834,CALDERON,CALDERON
COLINAS DEL NORTE,-0.098895,-78.515998, LA DELICIA ,EL CONDADO
CASA SOMOS ROLDOS PISULI,-0.0845389,-78.5095862, LA DELICIA ,EL CONDADO
CENTRO DE SALUD SAN VICENTE DE LAS CASAS,-0.1795046,-78.5142239,LA MARISCAL,BELISARIO QUEVEDO
PARQUE DE YARUQUI,-0.162236,-78.318122, TUMBACO,YARUQUI
SAN JOSE DE POMASQUI,-0.0609116,-78.4644391, LA DELICIA ,POMASQUI
LIGA BELLAVISTA DE CALDERON,-0.0666244,-78.4162428,CALDERON,CALDERON
IGLESIA LA PULIDA,-0.14032,-78.507466, EUGENIO ESPEJO ,COCHAPAMBA
CENTRO DE SALUD FRAY BARTOLOME DE LAS CASAS,-0.1897411,-78.5070864,LA MARISCAL,BELISARIO QUEVEDO
UNIDAD EDUCATIVA JACINTO JIJON,-0.3749038577,-78.5035095215, LOS CHILLOS,AMAGUAÑA
CANCHA ANDROMEDA,-0.203334,-78.327634, TUMBACO,YARUQUI
UPC SAN BARTOLO,-0.269314,-78.529326,ELOY ALFARO,SAN BARTOLO
CLEMENTE YEROVI,-0.126025,-78.452072,CALDERON,LLANO CHICO
ESCUELA FISCAL MIXTA GENERAL DANIEL O'LEARY,-0.2175,-78.5264, MANUELA SAENZ,LA LIBERTAD
SAN CARLOS DEL SUR,-0.303595,-78.53374,QUITUMBE,QUITUMBE
PATIO DE COMIDAS EL GUAMBRA,-0.2057942,-78.4995586,LA MARISCAL,BELISARIO QUEVEDO
PARQUE PISULI,-0.0897,-78.5163, LA DELICIA ,EL CONDADO
PARQUE EDEN DEL VALLE,-0.2396435,-78.4917036, MANUELA SAENZ,PUENGASI
PARQUE LA LIBERTAD,-0.229311,-78.52358, MANUELA SAENZ,LA LIBERTAD
ECOVIA SAN CRISTOBAL,-0.2827195,-78.5349482,ELOY ALFARO,LA ARGELIA
CANCHAS SAN JOSE OBRERO,-0.1178394,-78.5182979, LA DELICIA ,EL CONDADO
SANTA TERESITA DE MIRAVALLE,-0.273455,-78.503112, LOS CHILLOS,CONOCOTO
PARQUE GUACHALA,-0.2295447,-78.4819415, MANUELA SAENZ,PUENGASI
PARQUE JOSE NAVARRO,-0.2127799,-78.4846764, MANUELA SAENZ,ITCHIMBIA
UPC TURUBAMBA ALTO,-0.277254,-78.544446,ELOY ALFARO,SOLANDA
CANCHA LA FLORENCIA,-0.347627,-78.552696,QUITUMBE,GUAMANI
ECOVIA JIPIJAPA,-0.1648373,-78.4754309, EUGENIO ESPEJO ,JIPIJAPA
SAN PABLO,-0.221364,-78.485234, MANUELA SAENZ,ITCHIMBIA
PARQUE ARROYO DEL RIO,-0.091997,-78.4487769,CALDERON,CALDERON
UNIDAD EDUCATIVA PEDRO LUIS CALERO,-0.148605,-78.442012, EUGENIO ESPEJO ,ZAMBIZA
COLEGIO LUIS ENRIQUE RAZA BOLAÑOS,-0.30006,-78.5249233,QUITUMBE,QUITUMBE
LA TOLA,-0.22604,-78.5058967, MANUELA SAENZ,ITCHIMBIA
ESCUELA ENMA VACA,-0.3191063,-78.5270252,QUITUMBE,TURUBAMBA
LIGA BARRIAL AMAGUAÑA,-0.37725,-78.5051, LOS CHILLOS,AMAGUAÑA
PARQUE 17 DE JULIO,-0.257249,-78.51599,ELOY ALFARO,LA FERROVIARIA
LIGA BARRIAL EUGENIO ESPEJO,-0.267185,-78.558433,ELOY ALFARO,LA MENA
MERCADO ARTESANAL,-0.2069752,-78.4952076,LA MARISCAL,MARISCAL SUCRE
PARQUE SAN JOSE DE CHILIBULO,-0.240304,-78.543075,ELOY ALFARO,CHILIBULO
COMITE PROMEJORAS CAUPICHO,-0.3288107,-78.5388205,QUITUMBE,TURUBAMBA
IGLESIA SAN ISIDRO DEL INCA,-0.148472,-78.466549, EUGENIO ESPEJO ,SAN ISIDRO DEL INCA
PARQUE PUENTE AMARILLO,-0.241569,-78.485208, MANUELA SAENZ,PUENGASI
BELLAVISTA,-0.189067,-78.473431, EUGENIO ESPEJO ,IÑAQUITO
COLEGIO MUNICIPAL COTOCOLLAO,-0.1163108,-78.4855866, LA DELICIA ,PONCEANO
COLEGIO MEJIA,-0.211278,-78.504158, MANUELA SAENZ,SAN JUAN
BICENTERNARIO,-0.065995,-78.451925,CALDERON,CALDERON
LIGA BARRIAL BOLIVAR RODRIGUEZ,-0.2268790305,-78.4923248291, MANUELA SAENZ,PUENGASI
CANCHAS DEPORTIVAS LA VENECIA,-0.33729,-78.54129,QUITUMBE,TURUBAMBA
MERCADO DE CALDERON,-0.1015,-78.4242,CALDERON,CALDERON
CARAPUNGO,-0.0895,-78.4523,CALDERON,CALDERON
PARQUE TUNGURAHUA,-0.1109,-78.4489,CALDERON,CALDERON
AREA RECREATIVA CARAPUNGO,-0.0893,-78.4515,CALDERON,CALDERON
CANCHA LLANO CHICO,-0.1226,-78.4542,CALDERON,LLANO CHICO
METRO SOLANDA,-0.265985,-78.535305,ELOY ALFARO,SOLANDA
PARQUE EL POBRE DIABLO,-0.265075,-78.537439,ELOY ALFARO,SOLANDA
PARQUE EL POBRE DIABLO,-0.243306,-78.512668,ELOY ALFARO,CHIMBACALLE
UPC YAGUACHI,-0.233868,-78.528257,ELOY ALFARO,CHILIBULO
PARQUE SOLANDA SECTOR 2,-0.2655,-78.5376,ELOY ALFARO,SOLANDA
CENTRO DE SALUD JESUS DEL GRAN PODER,-0.232969,-78.536369,ELOY ALFARO,CHILIBULO
MERCADO DE CHIMBACALLE,-0.24006,-78.514246,ELOY ALFARO,CHIMBACALLE
INSTITUTO DE AUDICION Y LENGUAJE ENRIQUETA SANTILLAN,-0.258746,-78.549521,ELOY ALFARO,LA MENA
COLEGIO REPLICA 24 DE MAYO,-0.257152,-78.550219,ELOY ALFARO,LA MENA
MENA DOS,-0.256741,-78.552414,ELOY ALFARO,LA MENA
CASA COMUNAL SANTA BARBARA,-0.267886,-78.559528,ELOY ALFARO,LA MENA
UPC LA SANTIAGO,-0.251358,-78.539075,ELOY ALFARO,CHILIBULO
PARQUE CIUDADELA EL COMERCIO,-0.273815,-78.543166,ELOY ALFARO,SOLANDA
PLAZA LA MADGALENA,-0.241055,-78.531791,ELOY ALFARO,LA MAGDALENA
COLEGIO SUCRE,-0.26443,-78.526782,ELOY ALFARO,SAN BARTOLO
LIGA DEPORTIVA AMISTAD,-0.249107,-78.521927,ELOY ALFARO,LA MAGDALENA
PARQUE QUITO SUR,-0.257428,-78.53151,ELOY ALFARO,SAN BARTOLO
CASA BARRIAL EL CALZADO,-0.254816,-78.528642,ELOY ALFARO,SAN BARTOLO
LA GATAZO,-0.260189,-78.544044,ELOY ALFARO,SAN BARTOLO
PARQUE DE LA MADRE,-0.268429,-78.543241,ELOY ALFARO,SOLANDA
CIUDADELA CASAS QUITO,-0.272397,-78.530493,ELOY ALFARO,SOLANDA
LIGA BARRIAL SAN JOSE LA MAGDALENA,-0.244206,-78.526674,ELOY ALFARO,LA MAGDALENA
ECOVIA CHIMBACALLE,-0.245156,-78.515418,ELOY ALFARO,CHIMBACALLE
MERCADO DE IÑAQUITO,-0.172118,-78.486845, EUGENIO ESPEJO ,IÑAQUITO
PARQUE MEXICO,-0.18184,-78.474544, EUGENIO ESPEJO ,IÑAQUITO
ESTADIO SAN JOSE DE MINAS,0.1758,-78.4051, EUGENIO ESPEJO ,SAN JOSE DE MINAS
LIGA BARRIAL LA COMUNA,-0.190979,-78.512011,LA MARISCAL,BELISARIO QUEVEDO
PISCINA SAN JOSE DE MINAS,0.1755942,-78.4059584, EUGENIO ESPEJO ,SAN JOSE DE MINAS
PARQUE SAN JOSE DE MINAS,0.171206,-78.41073, EUGENIO ESPEJO ,SAN JOSE DE MINAS
PARQUE CENTRAL PERUCHO,0.108834,-78.423532, EUGENIO ESPEJO ,PERUCHO
PARQUE LA MERCED,-0.135175,-78.4659, EUGENIO ESPEJO ,SAN ISIDRO DEL INCA
PLAZA REPUBLICA DE NICARAGUA,-0.180053,-78.472669, EUGENIO ESPEJO ,IÑAQUITO
PLAZA SAN LORENZO GUAYLLABAMBA,-0.057797,-78.351769, EUGENIO ESPEJO ,GUAYLLABAMBA
PARQUE DEL GUAMBRA,-0.065653,-78.356184, EUGENIO ESPEJO ,GUAYLLABAMBA
COMPLEJO DEPORTIVO GUAYLLABAMBA,-0.06399,-78.355967, EUGENIO ESPEJO ,GUAYLLABAMBA
CASA COMUNAL LA CONCEPCION GUAYLLABAMBA,-0.063019,-78.352814, EUGENIO ESPEJO ,GUAYLLABAMBA
COLEGIO BENALCAZAR,-0.184,-78.4797, EUGENIO ESPEJO ,IÑAQUITO
CANCHA BELLAVISTA GUANGÜILTAGUA,-0.1679034,-78.4584479, EUGENIO ESPEJO ,IÑAQUITO
CASA COMUNAL GUAYLLABAMBA,-0.065055,-78.363093, EUGENIO ESPEJO ,GUAYLLABAMBA
ESCUELA HOMERA VITERI LAFRONTE,-0.055862,-78.353597, EUGENIO ESPEJO ,GUAYLLABAMBA
LIGA BARRIAL LA PULIDA,-0.136968,-78.508709, EUGENIO ESPEJO ,COCHAPAMBA
CNE PICHINCHA,-0.177848,-78.487997, EUGENIO ESPEJO ,IÑAQUITO
OBELISCO DE COTOCOLLAO,-0.1187,-78.4942, LA DELICIA ,COTOCOLLAO
CASA BARRIAL INGAPI,-0.0391,-78.441, LA DELICIA ,POMASQUI
ESTADIO PACTO,0.143601,-78.766972,CHOCO ANDINO,PACTO
PARQUE GUALEA,0.111563,-78.749298,CHOCO ANDINO,GUALEA
INFOCENTRO INGAPI,0.126567,-78.797277,CHOCO ANDINO,PACTO
PARQUE DE TULIPE,0.086953,-78.734495,CHOCO ANDINO,NANEGALITO
CATZUQUI DE VELASCO,-0.0616,-78.5085, LA DELICIA ,EL CONDADO
PARQUE PACTO,0.141855,-78.767681,CHOCO ANDINO,PACTO
CANCHA DE TANLAHUA,0.043528,-78.449032, LA DELICIA ,SAN ANTONIO
MIRADOR DE PULULAHUA,0.025317,-78.483233,CHOCO ANDINO,CALACALI
PARQUE LA HACIENDA,-0.0647,-78.5188,CHOCO ANDINO,NONO
PARQUE CENTRAL DE PUSUQUI,-0.067703,-78.463377, LA DELICIA ,POMASQUI
CANCHA LA FLORIDA,-0.142819,-78.497824, EUGENIO ESPEJO ,LA CONCEPCION
COLEGIO ANDRES BELLO,-0.106473,-78.491986, LA DELICIA ,PONCEANO
PARQUE LA FLORIDA,-0.142453132,-78.49386027, EUGENIO ESPEJO ,LA CONCEPCION
BOULEVARD AMAZONAS,-0.206721,-78.49715,LA MARISCAL,MARISCAL SUCRE
BOULEVARD AMAZONAS,-0.20449,-78.495177,LA MARISCAL,MARISCAL SUCRE
BOULEVARD AMAZONAS,-0.20141,-78.492073,LA MARISCAL,MARISCAL SUCRE
BOULEVARD AMAZONAS,-0.200393,-78.490923,LA MARISCAL,MARISCAL SUCRE
PLAZA DE LAS FOCAS,-0.210728,-78.493635, MANUELA SAENZ,ITCHIMBIA
METRO LA MAGDALENA,-0.239227,-78.52358,ELOY ALFARO,LA MAGDALENA
CONOCOTO,-0.292116,-78.476476, LOS CHILLOS,CONOCOTO
MULTIGENERACIONAL LA MERCED,-0.29434,-78.398885, LOS CHILLOS,LA MERCED
PARADA PINTAG,-0.341147,-78.382917, LOS CHILLOS,PINTAG
CASA BARRIAL LA LIBERTAD AMAGUAÑA,-0.359199,-78.515698, LOS CHILLOS,AMAGUAÑA
UBILLUS PINTAG,-0.421491,-78.376784, LOS CHILLOS,PINTAG
IGLESIA TOLONTAG,-0.338292,-78.352561, LOS CHILLOS,PINTAG
CONOCOTO,-0.292601,-78.475439, LOS CHILLOS,CONOCOTO
ESTADIO LA TOGLLA,-0.249406,-78.440553, LOS CHILLOS,GUANGOPOLO
ESTADIO SAN AGUSTIN,-0.3648,-78.3509, LOS CHILLOS,PINTAG
CANCHA VALENCIA,-0.375125,-78.389885, LOS CHILLOS,PINTAG
CANCHA SANTA TERESA,-0.349574,-78.409954, LOS CHILLOS,PINTAG
IGLESIA LA TOLA,-0.3549,-78.3893, LOS CHILLOS,PINTAG
PARQUE DE LA COCHA,-0.307623,-78.399059, LOS CHILLOS,LA MERCED
PARQUE METROPOLITANO DEL SUR,-0.338969,-78.512764, LOS CHILLOS,AMAGUAÑA
PARQUE LA CHORRERA,-0.277607,-78.478635, LOS CHILLOS,CONOCOTO
GENERAL CALICUCHIMA,-0.322588,-78.419344, LOS CHILLOS,ALANGASI
CANCHAS GONZALES SUAREZ,-0.358674,-78.474696, LOS CHILLOS,AMAGUAÑA
PARQUE RECREATIVO LA ARMENIA 2,-0.294214,-78.464615, LOS CHILLOS,CONOCOTO
PARQUE CONOCOTO,-0.293717,-78.46881, LOS CHILLOS,CONOCOTO
SUBIDA AL PASOCHOA,-0.398404,-78.495052, LOS CHILLOS,AMAGUAÑA
CASA COMUNAL MIRANDA GRANDE,-0.327198,-78.503181, LOS CHILLOS,AMAGUAÑA
PARQUE ALANGASI,-0.32198,-78.409723, LOS CHILLOS,ALANGASI
PLAZOLETA SAN FRANCISCO DE ALPAHUMA,-0.332976,-78.406367, LOS CHILLOS,ALANGASI
SAN BLAS,-0.219782,-78.503836, MANUELA SAENZ,CENTRO HISTORICO
LA TOLA,-0.22399,-78.504515, MANUELA SAENZ,CENTRO HISTORICO
ECOVIA SIMON BOLIVAR,-0.215896,-78.503044, MANUELA SAENZ,ITCHIMBIA
TROLE ALAMEDA NORTE,-0.21494,-78.503422, MANUELA SAENZ,ITCHIMBIA
PARQUE LA ALAMEDA,-0.21566,-78.502787, MANUELA SAENZ,ITCHIMBIA
PARADA EL TREBOL,-0.23306,-78.504709, MANUELA SAENZ,PUENGASI
PLAZA CHICA,-0.221143,-78.511331, MANUELA SAENZ,CENTRO HISTORICO
SAN FRANCISCO,-0.22047,-78.514617, MANUELA SAENZ,CENTRO HISTORICO
ESCUELA DANIEL OLEARY,-0.218035,-78.52633, MANUELA SAENZ,LA LIBERTAD
ESCUELA SUCRE,-0.224035,-78.510358, MANUELA SAENZ,CENTRO HISTORICO
PASAJE SANGUÑA,-0.21862,-78.515454, MANUELA SAENZ,CENTRO HISTORICO
PARQUE PUENGASI,-0.252377,-78.49526, MANUELA SAENZ,PUENGASI
MIRAVALLE,-0.210796,-78.474703, MANUELA SAENZ,ITCHIMBIA
PARQUE SANTA ANITA DEL SUR,-0.330281,-78.565914,QUITUMBE,GUAMANI
PLATAFORMA SUR,-0.2918,-78.5463,QUITUMBE,QUITUMBE
DIVINO NIÑO,-0.330739,-78.570416,QUITUMBE,GUAMANI
CASA BARRIAL LAS CUADRAS DE FUNDEPORTE,-0.285737,-78.558087,QUITUMBE,CHILLOGALLO
DIVINO NIÑO,-0.3331,-78.5246,QUITUMBE,TURUBAMBA
CAUSAYLLACTA,-0.2893,-78.5516,QUITUMBE,QUITUMBE
NUEVOS HORIZONTES DEL SUR,-0.3076,-78.5301,QUITUMBE,QUITUMBE
CANCHAS SAN FERNANDO,-0.336052,-78.562274,QUITUMBE,GUAMANI
VIA DEL OLEODUCTO,-0.29112,-78.562884,QUITUMBE,CHILLOGALLO
LIGA MARQUESA DE SOLANDA,-0.268948,-78.545918,ELOY ALFARO,SOLANDA
TERRANOVA,-0.299742,-78.553502,QUITUMBE,QUITUMBE
RESERVORIO DE CUMBAYA,-0.19534,-78.429842, TUMBACO,CUMBAYA
MERCADO EL QUINCHE,-0.109817,-78.297767, TUMBACO,EL QUINCHE
PARQUE LA ESPERANZA,-0.097483,-78.289997, TUMBACO,EL QUINCHE
PARQUE CENTRAL EL QUINCHE,-0.110783,-78.29711, TUMBACO,EL QUINCHE
CASA COMUNAL COMUNA CENTRAL,-0.227872,-78.408247, TUMBACO,TUMBACO
CHURULOMA,-0.197278,-78.398106, TUMBACO,TUMBACO
ESTADIO OTON DE VELEZ,-0.116528,-78.346915, TUMBACO,YARUQUI
ESTADIO CHINANGACHI,-0.181153,-78.316387, TUMBACO,YARUQUI
TUMBACO,-0.215477,-78.409495, TUMBACO,TUMBACO
PARQUE LA PRIMAVERA,-0.213958,-78.425052, TUMBACO,CUMBAYA
PARADA DE BUSES CUENDINA,-0.375845,-78.486513, LOS CHILLOS,AMAGUAÑA
ESCUELA RAFAEL ARMIJOS,-0.30716,-78.438309, LOS CHILLOS,ALANGASI
PLATAFORMA SUR,-0.2918,-78.3988,QUITUMBE,QUITUMBE
CANCHA LA MERCED,-0.293964,-78.400151, LOS CHILLOS,LA MERCED
PLAZA GASTRONOMICA LA MERCED,-0.293139,-78.405111, LOS CHILLOS,LA MERCED
IGLESIA CHAUPITENA,-0.3382,-78.4818, LOS CHILLOS,AMAGUAÑA
COLISEO CONOCOTO,-0.2919,-78.474, LOS CHILLOS,CONOCOTO
PATIO DE COMIDAS CONOCOTO,-0.2934,-78.4757, LOS CHILLOS,CONOCOTO
LIGA BARRIAL SALVADOR CELI,-0.2552,-78.4751, LOS CHILLOS,CONOCOTO
ESCUELA CALICUCHIMA ALANGASI,-0.324427,-78.417384, LOS CHILLOS,ALANGASI
COLEGIO NACIONAL ATAHUALPA,-0.3727,-78.5032, LOS CHILLOS,AMAGUAÑA
GAD PINTAG,-0.371703,-78.37379, LOS CHILLOS,PINTAG
LA PLAZUELA PINTAG,-0.3718,-78.3748, LOS CHILLOS,PINTAG
SENDERO SEGURO EL TINGO,-0.2866,-78.4406, LOS CHILLOS,ALANGASI
PARADA DE BUSES COCHAPAMBA,-0.1596,-78.5049, EUGENIO ESPEJO ,COCHAPAMBA
PARQUE DE LA FLORIDA,-0.1442,-78.4945, EUGENIO ESPEJO ,LA CONCEPCION
PARQUE DE LOS ARUPOS,-0.1463,-78.4966, EUGENIO ESPEJO ,LA CONCEPCION
CANCHA ATUCUCHO,-0.126441,-78.509495, EUGENIO ESPEJO ,COCHAPAMBA
ATUCUCHO,-0.128448,-78.51144, EUGENIO ESPEJO ,COCHAPAMBA
PARQUE AMAGASI DEL INCA,-0.1371,-78.4574, EUGENIO ESPEJO ,SAN ISIDRO DEL INCA
PARQUE SAN FRANCISCO DE TANDA,-0.1807,-78.4379, EUGENIO ESPEJO ,NAYON
PARQUE 6 DE JULIO,-0.127922,-78.462829, EUGENIO ESPEJO ,SAN ISIDRO DEL INCA
PARQUE TORTUGA,-0.1665,-78.4798, EUGENIO ESPEJO ,JIPIJAPA
CASA BARRIAL SANTA ANA,-0.1427,-78.5045, EUGENIO ESPEJO ,COCHAPAMBA
PARQUE COFAVI,-0.1326,-78.4849, EUGENIO ESPEJO ,KENNEDY
PARQUE DOLOROSA,-0.127474,-78.487923, EUGENIO ESPEJO ,KENNEDY
CENTRO DE SALUD LA RUMIÑAHUI,-0.1262,-78.4873, EUGENIO ESPEJO ,KENNEDY
CANCHA RUMIÑAHUI BAJA,-0.125,-78.4868, EUGENIO ESPEJO ,KENNEDY
PARQUE LA CAMPIÑA DEL INCA,-0.143181,-78.454578, EUGENIO ESPEJO ,SAN ISIDRO DEL INCA
PARQUE JARDINES DEL INCA,-0.1466,-78.4478, EUGENIO ESPEJO ,SAN ISIDRO DEL INCA
PARQUE EL TABLON,-0.1469,-78.4521, EUGENIO ESPEJO ,SAN ISIDRO DEL INCA
LIGA DEPORTIVA LA LUZ,-0.1479,-78.4774, EUGENIO ESPEJO ,KENNEDY
CASA COMUNAL LA ISLA,-0.1925,-78.5015,LA MARISCAL,BELISARIO QUEVEDO
PARQUE PAMBACHUPA,-0.193021,-78.50836,LA MARISCAL,BELISARIO QUEVEDO
PARQUE EL TRIGAL,-0.177967,-78.507714, EUGENIO ESPEJO ,RUMIPAMBA
UPC BELLAVISTA,-0.1873,-78.4734, EUGENIO ESPEJO ,IÑAQUITO
TROLE CUERO Y CAICEDO SUR,-0.191241,-78.493134, EUGENIO ESPEJO ,IÑAQUITO
TROLE MARIA DE JESUS NORTE,-0.188769,-78.492234,LA MARISCAL,BELISARIO QUEVEDO
TROLE EL FLORON NORTE,-0.185185,-78.490758, EUGENIO ESPEJO ,IÑAQUITO
TROLE LA Y SUR,-0.171,-78.4875, EUGENIO ESPEJO ,RUMIPAMBA
UPC WILSON,-0.2048,-78.4897,LA MARISCAL,MARISCAL SUCRE
PARQUE JACINTO JIJON Y CAAMAÑO,-0.23,-78.5086, MANUELA SAENZ,CENTRO HISTORICO
CANCHA EUGENIO ESPEJO,-0.2147,-78.5327, MANUELA SAENZ,SAN JUAN
LIGA BARRIAL EL AUQUI DE MONJAS,-0.2307,-78.4768, MANUELA SAENZ,PUENGASI
PARQUE MARIA GUADALUPE,-0.242773,-78.478472, MANUELA SAENZ,PUENGASI
PARQUE PALUCO,-0.22322,-78.489223, MANUELA SAENZ,PUENGASI
CANCHA LA GUADALUPANA,-0.219613,-78.482223, MANUELA SAENZ,ITCHIMBIA
CANCHA WAYCO,-0.219507,-78.486872, MANUELA SAENZ,ITCHIMBIA
PARQUE TOLA BAJA,-0.227264,-78.500917, MANUELA SAENZ,ITCHIMBIA
PARQUE EL PLACER,-0.2152,-78.5215, MANUELA SAENZ,SAN JUAN
CANCHA EUGENIO ESPEJO,-0.2147,-78.5199, MANUELA SAENZ,SAN JUAN
LIGA DEPORTIVA LA CHORRERA,-0.208683,-78.525752, MANUELA SAENZ,SAN JUAN
LIGA BARRIAL RODRIGO PAZ,-0.214,-78.532, MANUELA SAENZ,SAN JUAN
CANCHAS SANTA LUCIA,-0.23045,-78.529353, MANUELA SAENZ,LA LIBERTAD
CASA BARRIAL NUEVOS HORIZONTES,-0.319866,-78.570876,QUITUMBE,LA ECUATORIANA
LIGA BARRIAL ORQUIDEAS DEL SUR,-0.312611,-78.524139,QUITUMBE,QUITUMBE
MERCADO DE GUAMANI,-0.331292,-78.553104,QUITUMBE,GUAMANI
PARQUE CIUDADELA DEL EJERCITO,-0.3062,-78.5539,QUITUMBE,QUITUMBE
CANCHAS PUEBLO UNIDO ALTO,-0.300402,-78.529314,QUITUMBE,QUITUMBE
CANCHAS VIRGEN DEL QUINCHE,-0.303327,-78.53488,QUITUMBE,QUITUMBE
CANCHAS UNIDOS POR EL PROGRESO,-0.3039,-78.5415,QUITUMBE,QUITUMBE
CANCHAS DEFENSORES DEL TRABAJO MUNICIPAL,-0.297717,-78.571576,QUITUMBE,LA ECUATORIANA
PARQUE DE GUAMANI,-0.342664,-78.555823,QUITUMBE,GUAMANI
UPC PARQUE INDUSTRIAL,-0.3488,-78.5388,QUITUMBE,TURUBAMBA
LIGA DE DEPORTIVA COLINAS DEL SUR,-0.290539,-78.575271,QUITUMBE,CHILLOGALLO
CANCHA LIGA SANTA ANA DE CHILLOGALLO,-0.2801,-78.5614,QUITUMBE,CHILLOGALLO
PARQUE ALBORADA DE LA PAZ,-0.05665,-78.434055,CALDERON,CALDERON
PARQUE REINA DEL CISNE,-0.055786,-78.431316,CALDERON,CALDERON
PARQUE CENTINELA DE CALDERON,-0.070889,-78.429528,CALDERON,CALDERON
COLEGIO REPLICA MONTUFAR,-0.0686,-78.4516,CALDERON,CALDERON
SUBESTACION POMASQUI,-0.072639,-78.450306,CALDERON,CALDERON
CENTRO DE SALUD SAN JOSE DE MORAN,-0.081917,-78.438543,CALDERON,CALDERON
CANCHA ZABALA,-0.080473,-78.4138,CALDERON,CALDERON
CANCHAS CASA TUYA,-0.113709,-78.431957,CALDERON,CALDERON
PARQUE CAPULIES,-0.089247,-78.415103,CALDERON,CALDERON
PARQUE SAN JUAN DE CALDERON,-0.067264,-78.432029,CALDERON,CALDERON
PARQUE UTILCAR,-0.091113,-78.424034,CALDERON,CALDERON
PARQUE ALVARO PAMBA,-0.135923,-78.435512,CALDERON,LLANO CHICO
MERCADO COPROCARCHI,-0.099949,-78.437837,CALDERON,CALDERON
CANCHA NUEVA GENERACION,-0.071302,-78.414284,CALDERON,CALDERON
CANCHA BELLAVISTA ALTA,-0.045,-78.4174,CALDERON,CALDERON
PARQUE CARAPUNGO,-0.100885,-78.453137,CALDERON,CALDERON
CARCELEN,-0.083801,-78.468755, LA DELICIA ,CARCELEN
ESTADIO DE POMASQUI,-0.053771,-78.455571, LA DELICIA ,POMASQUI
CASA DE LA JUVENTUD,-0.0089,-78.4506, LA DELICIA ,SAN ANTONIO
HACIENDA CATZUQUI ALARCON,-0.0634,-78.516527,CHOCO ANDINO,NONO
CANCHA DEL FLAMENGO,-0.0765,-78.4589, LA DELICIA ,CARCELEN
UPC CARCELEN BAJO,-0.0744,-78.4617, LA DELICIA ,CARCELEN
PARQUE CENTRAL,-0.083075,-78.475456, LA DELICIA ,CARCELEN
CANCHAS LA ROLDOS,-0.0864,-78.5067, LA DELICIA ,EL CONDADO
CANCHA MENA DEL HIERRO,-0.111748,-78.50714, LA DELICIA ,EL CONDADO
PARQUE COTOCOLLAO,-0.112327,-78.498902, LA DELICIA ,COTOCOLLAO
PARQUE ARGELIA ALTA,-0.2852,-78.5233,ELOY ALFARO,LA ARGELIA
PARQUE EL CALZADO,-0.257038,-78.529996,ELOY ALFARO,SAN BARTOLO
PARQUE ORIENTE QUITEÑO,-0.272729,-78.511186,ELOY ALFARO,LA ARGELIA
CDI RINCONCITOS ENCANTADOS,-0.2778,-78.5169,ELOY ALFARO,LA ARGELIA
LIGA BARRIAL LA ARGELIA,-0.27808,-78.521358,ELOY ALFARO,LA ARGELIA
MERCADO QUITO SUR,-0.2601,-78.5315,ELOY ALFARO,SAN BARTOLO
JARDIN DEL OESTE,-0.238076,-78.544895,ELOY ALFARO,CHILIBULO
PARQUE SANTIAGO ALTO,-0.247174,-78.544297,ELOY ALFARO,CHILIBULO
LIGA BARRIAL 4 DE DICIEMBRE,-0.2446,-78.5398,ELOY ALFARO,CHILIBULO
LIGA SAN PATRICIO DE PUENGASI,-0.254044,-78.502662,ELOY ALFARO,LA FERROVIARIA
PARQUE CIUDADELA EL RECREO,-0.262435,-78.522066,ELOY ALFARO,LA FERROVIARIA
PARQUE CIUDADELA MONTUFAR,-0.2417,-78.509,ELOY ALFARO,CHIMBACALLE
TROLE QUIMIAG,-0.274686,-78.540034,ELOY ALFARO,SOLANDA
CENTRO DE SALUD CHIRIYACU BAJO,-0.2483,-78.5123,ELOY ALFARO,CHIMBACALLE
ESTADIO COMUNA CENTRAL TUMBACO,-0.2292,-78.4091, TUMBACO,TUMBACO
COMUNA LEOPOLDO CHAVEZ,-0.230995,-78.403347, TUMBACO,TUMBACO
DISTRITO DE EDUCACION PIFO,-0.2281,-78.344, TUMBACO,PIFO
INGRESO A PIFO,-0.2236,-78.3411, TUMBACO,PIFO
PARADA PIFO 2,-0.220778,-78.338595, TUMBACO,PIFO
PARADA ENTRADA SAN CARLOS YARUQUI,-0.176177,-78.32819, TUMBACO,YARUQUI
SAN VICENTE,-0.1655,-78.3235, TUMBACO,YARUQUI
COLEGIO YARUQUI,-0.158139,-78.321194, TUMBACO,YARUQUI
COLISEO EL QUINCHE,-0.1114,-78.2935, TUMBACO,EL QUINCHE
COLEGIO CARDENAL DE LA TORRE,-0.1119348,-78.2984144, TUMBACO,EL QUINCHE
MERCADO YARUQUI,-0.163135,-78.321292, TUMBACO,YARUQUI
ESCUELA PATRICIO ESPINOZA,-0.237889,-78.540111,ELOY ALFARO,CHILIBULO
YUNGUILLA,0.024371,-78.555817,CHOCO ANDINO,CALACALI
PARQUE SAN JOSE DE CHILIBULO,-0.2397,-78.541,ELOY ALFARO,CHILIBULO
LA COMUNA,-0.189528,-78.510861,LA MARISCAL,BELISARIO QUEVEDO
CASA BARRIAL NEPTALI JARRIN,-0.2604,-78.4521,ELOY ALFARO,LA FERROVIARIA
PLAZA BELMONTE,-0.218796,-78.505276, MANUELA SAENZ,CENTRO HISTORICO
PARADA QUICENTRO SUR,-0.284167,-78.543139,QUITUMBE,QUITUMBE
PARQUE TURUBAMBA,-0.3149,-78.5611,QUITUMBE,LA ECUATORIANA
PARQUE VISTA HERMOSA,-0.044986,-78.430979,CALDERON,CALDERON
PARQUE BALCONES DE MORAN,-0.08215,-78.43519,CALDERON,CALDERON
PARQUE BRISAS DEL NORTE,-0.081571,-78.443699,CALDERON,CALDERON
PARQUE BUENA VISTA,-0.056985,-78.4354,CALDERON,CALDERON
PARQUE SAN PEDRO,-0.110421,-78.439087,CALDERON,CALDERON
PARQUE EDEN 03,-0.050587,-78.429882,CALDERON,CALDERON
CASA COMUNAL NUEVO AMANECER,-0.0782,-78.4419,CALDERON,CALDERON
PARQUE SAN FRANCISCO,-0.083817,-78.44618,CALDERON,CALDERON
PARQUE EL BELEN,-0.063229,-78.435105,CALDERON,CALDERON
PARQUE CANCHAS HERNANDO PARRA,-0.106199,-78.454285,CALDERON,CALDERON
PARQUE SAN LUIS,-0.097385,-78.445058,CALDERON,CALDERON
BELLAVISTA DE CALDERON,-0.066444,-78.417064,CALDERON,CALDERON
PARQUE CENTINELA DEL SUR,-0.06982,-78.429272,CALDERON,CALDERON
PARQUE COLINAS DEL SOL,-0.045967,-78.431944,CALDERON,CALDERON
PARQUE BLANQUITA MURGUEYTIO,-0.102739,-78.424934,CALDERON,CALDERON
PARQUE B5,-0.0946,-78.4509,CALDERON,CALDERON
PARQUE COLLAS 2,-0.092162,-78.419684,CALDERON,CALDERON
PARQUE MARIANAS 4000,-0.07609,-78.42849,CALDERON,CALDERON
PARQUE SEMILLAS,-0.106835,-78.415831,CALDERON,CALDERON
PARQUE SAN JOSE DE MORAN,-0.084687,-78.435463,CALDERON,CALDERON
PARQUE TARQUI,-0.100025,-78.420073,CALDERON,CALDERON
PARQUE LOS NARDOS,-0.065727,-78.412096,CALDERON,CALDERON
CASA BARRIAL BARRIO 24 DE JULIO,-0.249274,-78.544368,ELOY ALFARO,CHILIBULO
PARQUE LA BALACERA,-0.247228,-78.540024,ELOY ALFARO,CHILIBULO
PARQUE BARRIO 9 DE JULIO,-0.246229,-78.502303,ELOY ALFARO,LA FERROVIARIA
CASA BARRIAL BARRIO LA LORENA,-0.243923,-78.544173,ELOY ALFARO,CHILIBULO
PARQUE LOS LIBERTADORES,-0.242581,-78.536657,ELOY ALFARO,CHILIBULO
CASA BARRIAL 29 DE MAYO,-0.245215,-78.583442,ELOY ALFARO,LLOA
CASA BARRIAL EL PARAISO,-0.2342,-78.5408,ELOY ALFARO,CHILIBULO
PARQUE PEDRO CEVALLOS GUAYASAMIN,-0.24524,-78.504963,ELOY ALFARO,LA FERROVIARIA
CANCHAS DE USO MULTIPLE NECOCHEA,-0.234857,-78.523362,ELOY ALFARO,LA MAGDALENA
PARQUE JARAMILLO ARTEAGA,-0.245,-78.5085,ELOY ALFARO,CHIMBACALLE
PARQUE 5 DE FEBRERO,-0.263634,-78.556405,ELOY ALFARO,LA MENA
CASA BARRIAL NEPTALI JARRIN,-0.2604,-78.507141,ELOY ALFARO,LA FERROVIARIA
CENTRO CULTURAL SAN CARLOS DEL SUR,-0.283965,-78.512109,ELOY ALFARO,LA ARGELIA
PARQUE SECTORES ALTOS DE LA FERROVIARIA,-0.264269,-78.510111,ELOY ALFARO,LA FERROVIARIA
PARQUE MIRADOR ALTO DE LA ARGELIA,-0.282713,-78.525777,ELOY ALFARO,LA ARGELIA
UNIDAD EDUCATIVA INTERCULTURAL BILINGÜE TRÃNSITO AMAGUAÑA,-0.272338,-78.534033,ELOY ALFARO,SOLANDA
FERROVIARIA BAJA,-0.253319,-78.515319,ELOY ALFARO,LA FERROVIARIA
MERCADO EL CALZADO,-0.254614,-78.52928,ELOY ALFARO,SAN BARTOLO
PARQUE DE LA VIRGEN,-0.272705,-78.54152,ELOY ALFARO,SOLANDA
PARQUE FORESTAL,-0.254846,-78.504031,ELOY ALFARO,LA FERROVIARIA
UPC GUAJALO,-0.289192,-78.537812,ELOY ALFARO,LA ARGELIA
PARQUE BARRIO SALAZAR GOMEZ,-0.26016,-78.51922,ELOY ALFARO,LA FERROVIARIA
PARQUE SAN BARTOLO,-0.26727,-78.528323,ELOY ALFARO,SAN BARTOLO
PARQUE SAN BARTOLO ALTO,-0.275796,-78.513403,ELOY ALFARO,LA ARGELIA
CENTRO CULTURAL SAN LUIS DE MIRA VALLE,-0.276625,-78.5061,ELOY ALFARO,LA FERROVIARIA
PARQUE SANTA BARBARA BAJA,-0.270266,-78.553463,ELOY ALFARO,LA MENA
CASA BARRIAL ENRIQUE GARCES,-0.27371,-78.530189,ELOY ALFARO,SOLANDA
PARQUE REINO DE QUITO,-0.254918,-78.561594,ELOY ALFARO,LA MENA
PARQUE CRISTO REY,-0.266126,-78.563559,ELOY ALFARO,LA MENA
TROLE LA COLON NORTE,-0.197734,-78.495865,LA MARISCAL,BELISARIO QUEVEDO
ECOVIA RIO COCA,-0.163943,-78.472908, EUGENIO ESPEJO ,JIPIJAPA
PARQUE EL ROSARIO,-0.124982,-78.492767, EUGENIO ESPEJO ,LA CONCEPCION
ESTADIO LA CONCEPCION,-0.063377,-78.353042, EUGENIO ESPEJO ,GUAYLLABAMBA
ECOVIA GALO PLAZA,-0.20692,-78.493553,LA MARISCAL,MARISCAL SUCRE
PARQUE ANDALUCIA,-0.139645,-78.497238, EUGENIO ESPEJO ,LA CONCEPCION
SUBCENTRO DE SALUD LA PULIDA,-0.138253,-78.508872, EUGENIO ESPEJO ,COCHAPAMBA
PARQUE GRANDA CENTENO,-0.171731,-78.493851, EUGENIO ESPEJO ,RUMIPAMBA
PARQUE LA ROLDOS,-0.085353,-78.50748, LA DELICIA ,EL CONDADO
PARQUE SAN LUIS,-0.121646,-78.515072, LA DELICIA ,EL CONDADO
PARQUE SHIRYS,-0.007321,-78.45566, LA DELICIA ,SAN ANTONIO
PARQUE CARCELEN BAJO,-0.07669,-78.46289, LA DELICIA ,CARCELEN
PARQUE INFANTIL PASAJE 3,-0.075989,-78.456981, LA DELICIA ,CARCELEN
SENDERO SEGURO LA ROLDOS 1,-0.085162,-78.512722, LA DELICIA ,EL CONDADO
SENDERO SEGURO LA ROLDOS 3,-0.085298,-78.512364, LA DELICIA ,EL CONDADO
CANCHA CARCELEN BAJO,-0.076603,-78.464538, LA DELICIA ,CARCELEN
PARADA DE BUS PUSUQUI,-0.066497,-78.466126, LA DELICIA ,POMASQUI
PARQUE DE LA UNION,0.000856,-78.437476, LA DELICIA ,SAN ANTONIO
PARQUE CIUDADELA THOMAS,-0.116377,-78.501297, LA DELICIA ,COTOCOLLAO
SENDERO SEGURO LA ROLDOS 2,-0.085198,-78.513799, LA DELICIA ,EL CONDADO
PARQUE SAN JOSE DEL CONADO,-0.11006,-78.491725, LA DELICIA ,PONCEANO
SENDERO SEGURO UDLA,-0.202746,-78.485427,LA MARISCAL,MARISCAL SUCRE
MERCADO DE ALANGASI,-0.307432,-78.416673, LOS CHILLOS,ALANGASI
PARQUE 6 DE JUNIO CONOCOTO,-0.312906,-78.479033, LOS CHILLOS,CONOCOTO
MERCADO LA HOSPITALARIA CONOCOTO,-0.279242,-78.473987, LOS CHILLOS,CONOCOTO
UNIDAD EDUCATIVA LOS CHILLOS AMAGUAÑA,-0.379762,-78.49492, LOS CHILLOS,AMAGUAÑA
CANCHA BUENA VISTA,-0.199311,-78.477487, MANUELA SAENZ,ITCHIMBIA
PARQUE LA TOLITA,-0.204321,-78.476742, MANUELA SAENZ,ITCHIMBIA
CASA BARRIAL BARRIO SAN JUAN,-0.210668,-78.511339, MANUELA SAENZ,SAN JUAN
PARQUE SAN JUANITO,-0.23821,-78.486305, MANUELA SAENZ,PUENGASI
PARQUE LA INDEPENDENCIA,-0.209661,-78.515672, MANUELA SAENZ,SAN JUAN
CENTRO INFANTIL GUEVARA MAYORGA,-0.217974,-78.521032, MANUELA SAENZ,LA LIBERTAD
PARADA DE METRO EL EJIDO,-0.209429,-78.496601, MANUELA SAENZ,ITCHIMBIA
LA ECUATORIANA,-0.294269,-78.56732,QUITUMBE,LA ECUATORIANA
PARQUE NESTOR ROMERO,-0.304042,-78.561643,QUITUMBE,LA ECUATORIANA
PARQUE LA INDEPENDENCIA,-0.301508,-78.574586,QUITUMBE,LA ECUATORIANA
PARQUE BARRIO LOS JAZMINES,-0.328314,-78.543679,QUITUMBE,TURUBAMBA
PARQUE MARIA AUXILIADORA,-0.295098,-78.570265,QUITUMBE,LA ECUATORIANA
EMPRESA DE RASTRO,-0.319922,-78.563914,QUITUMBE,GUAMANI
METRO QUITUMBE,-0.294377,-78.555728,QUITUMBE,QUITUMBE
PARQUE BARRIO LA BARBA,-0.333663,-78.547902,QUITUMBE,TURUBAMBA
PARQUE 4 DE AGOSTO,-0.29149,-78.562151,QUITUMBE,LA ECUATORIANA
ECOVIA OTOYA,-0.298761,-78.546765,QUITUMBE,QUITUMBE
ECOVIA QUILLALLACTA,-0.298006,-78.549868,QUITUMBE,QUITUMBE
PARQUE BARRIO BLANQUEADO LA BALVINA,-0.302063,-78.543078,QUITUMBE,QUITUMBE
PARQUE BARRIO HOSPITAL NRO 1,-0.305798,-78.530612,QUITUMBE,QUITUMBE
PARQUE LINEAL MANUELA CAÑ‘IZAREZ,-0.274699,-78.5667,QUITUMBE,CHILLOGALLO
PARQUE BELLAVISTA DEL SUR,-0.292345,-78.562512,QUITUMBE,LA ECUATORIANA
PARQUE EL TIEMPO,-0.283407,-78.555059,QUITUMBE,CHILLOGALLO
CANCHAS MIRADOR DE SAN JUAN DE TURUBAMBA,-0.353796,-78.527741,QUITUMBE,TURUBAMBA
PARQUE EL ROCIO,-0.339065,-78.560888,QUITUMBE,GUAMANI
PARQUE LA ESPERANZA,-0.339828,-78.564105,QUITUMBE,GUAMANI
PARQUE MATILDE ALVAREZ,-0.333241,-78.552363,QUITUMBE,GUAMANI
LIGA NUEVOS HORIZONTES,-0.306577,-78.527631,QUITUMBE,QUITUMBE
PARQUE DE JOSE PERALTA,-0.341023,-78.571135,QUITUMBE,GUAMANI
PARQUE SANTA ROSA 3,-0.271257,-78.563485,QUITUMBE,CHILLOGALLO
PARQUE LATINA,-0.308621,-78.566387,QUITUMBE,LA ECUATORIANA
PARQUE NUEVA AURORA,-0.319343,-78.551203,QUITUMBE,GUAMANI
PARQUE SANTA MARTHA BAJA,-0.274807,-78.557933,QUITUMBE,CHILLOGALLO
PARQUE PADRE INOCENCIO JACOME,-0.334264,-78.543553,QUITUMBE,TURUBAMBA
PARQUE PRADERAS DEL SUR,-0.327832,-78.567094,QUITUMBE,GUAMANI
ECOVIA SAN JOSE DE GUAMANI,-0.32598,-78.550292,QUITUMBE,TURUBAMBA
PARQUE VENECIA 1,-0.33705,-78.544686,QUITUMBE,TURUBAMBA
PARQUE VENECIA 2,-0.33156,-78.540594,QUITUMBE,TURUBAMBA
CANCHA UNIDAD Y PROGRESO,-0.299389,-78.560263,QUITUMBE,LA ECUATORIANA
PARADA DE BUS EL LIMONAR,-0.2264,-78.4479, TUMBACO,CUMBAYA
PARADA DE BUS PARADA CUSUBAMBA,-0.109181,-78.297432, TUMBACO,EL QUINCHE
PARADA DE BUS TABABELA,-0.191721,-78.340177, TUMBACO,TABABELA
PARADA DE BUS LA VICTORIA,-0.108256,-78.297766, TUMBACO,EL QUINCHE
PARQUE LA ESTACION,-0.110655,-78.293993, TUMBACO,EL QUINCHE
PARQUE LINEAL OLALLA,-0.232718,-78.339304, TUMBACO,PIFO
PARQUE LA VICTORIA,-0.102058,-78.314361, TUMBACO,EL QUINCHE
PARADA DE BUS SAN JUAN,-0.205364,-78.444785, TUMBACO,CUMBAYA
PARADA DE BUS SAN JUAN DE CUMBAYA,-0.203099,-78.440101, TUMBACO,CUMBAYA
BARRIO COCHAPAMBA,-0.374494,-78.509701, LOS CHILLOS,AMAGUAÑA
ESTADIO LA MERCED,-0.299396,-78.4018, LOS CHILLOS,LA MERCED
CONSERVATORIO DE MUSICA AMAGUAÑA,-0.374802,-78.506877, LOS CHILLOS,AMAGUAÑA
PARQUE LA ARMENIA,-0.267617,-78.470467, LOS CHILLOS,CONOCOTO
ADMINISTRACION ZONAL LOS CHILLOS,-0.312554,-78.472672, LOS CHILLOS,CONOCOTO
BALNEARIO LA MOYA,-0.301762,-78.473138, LOS CHILLOS,CONOCOTO
QUITOPIA LA Y,-0.164693,-78.485262, EUGENIO ESPEJO ,JIPIJAPA
PARQUE ITALIA,-0.195841,-78.499778,LA MARISCAL,BELISARIO QUEVEDO
TROLE LA MARISCAL NORTE,-0.204274,-78.498656,LA MARISCAL,MARISCAL SUCRE
TROLE SANTA CLARA,-0.200946,-78.497156,LA MARISCAL,MARISCAL SUCRE
TROLE COLON NS,-0.198537,-78.496219,LA MARISCAL,BELISARIO QUEVEDO
TROLE MARIANA DE JESUS NORTE,-0.187327,-78.491483, EUGENIO ESPEJO ,IÑAQUITO
TROLE ESTADIO NS,-0.178818,-78.489063, EUGENIO ESPEJO ,RUMIPAMBA
TROLE LA Y NS,-0.172037,-78.487745, EUGENIO ESPEJO ,RUMIPAMBA
ECOVIA LOS SAUCES,-0.170037,-78.47633, EUGENIO ESPEJO ,JIPIJAPA
ECOVIA NACIONES UNIDAS,-0.178222,-78.478123, EUGENIO ESPEJO ,IÑAQUITO
METRO EL LABRADOR 1,-0.154398,-78.486953, EUGENIO ESPEJO ,LA CONCEPCION
METRO EL LABRADOR 2,-0.154616,-78.486443, EUGENIO ESPEJO ,LA CONCEPCION
PARQUE SAN JUAN,-0.213453,-78.513615, MANUELA SAENZ,SAN JUAN
BOULEVARD 24 DE MAYO,-0.221673,-78.518106, MANUELA SAENZ,CENTRO HISTORICO
COMITE BARRIAL VIRGEN DEL PANECILLO,-0.227112,-78.517758, MANUELA SAENZ,CENTRO HISTORICO
MAMA CUCHARA,-0.228661,-78.509052, MANUELA SAENZ,CENTRO HISTORICO
ARCO SANTO DOMINGO,-0.2251,-78.512172, MANUELA SAENZ,CENTRO HISTORICO
CASA BARRIAL EL ROSARIO,-0.22256,-78.48514, MANUELA SAENZ,ITCHIMBIA
PLAZA DE SANTA CLARA,-0.222093,-78.515908, MANUELA SAENZ,CENTRO HISTORICO
ARCO DE LA REINA,-0.222575,-78.514903, MANUELA SAENZ,CENTRO HISTORICO
INSTITUTO METROPOLITANO DE PATRIMONIO,-0.217279,-78.51018, MANUELA SAENZ,SAN JUAN
CENTRO CULTURAL METROPOLITANO,-0.220351,-78.513019, MANUELA SAENZ,CENTRO HISTORICO
IGLESIA DE LA COMPAÑIA DE JESUS,-0.221214,-78.513668, MANUELA SAENZ,CENTRO HISTORICO
CASA BARRIAL ARGENTINA,-0.320094,-78.547402,QUITUMBE,TURUBAMBA
SENDERO SAN BLAS,-0.219022,-78.504134, MANUELA SAENZ,CENTRO HISTORICO
PARQUE LOS COCOS,-0.217931,-78.482998, MANUELA SAENZ,ITCHIMBIA
PARQUE LA CUCHARA,-0.229757,-78.501535, MANUELA SAENZ,ITCHIMBIA
COLECTIVO BARRIAL SAN BLAS,-0.218923,-78.506309, MANUELA SAENZ,CENTRO HISTORICO
SENDERO LA TOLA,-0.222031,-78.505799, MANUELA SAENZ,CENTRO HISTORICO
UNIDAD EDUCATIVA AZMS,-0.226791,-78.514122, MANUELA SAENZ,CENTRO HISTORICO
CENTRO COMERCIAL HERMANO MIGUEL,-0.217532,-78.514913, MANUELA SAENZ,CENTRO HISTORICO
PARQUE HAITI,-0.211822,-78.506463, MANUELA SAENZ,SAN JUAN
TROLE CUMANDA,-0.226417,-78.513048, MANUELA SAENZ,CENTRO HISTORICO
BULEVAR 24 DE MAYO,-0.222108,-78.517331, MANUELA SAENZ,CENTRO HISTORICO
TROLE EL EJIDO NORTE,-0.208584,-78.500286, MANUELA SAENZ,SAN JUAN
PARQUE LIQUIDO,-0.335353,-78.543714,QUITUMBE,TURUBAMBA
LIGA DEPORTIVA MANUELITA SAENZ,-0.331537,-78.582329,QUITUMBE,LA ECUATORIANA
CANCHAS SAN BLAS,-0.305568,-78.524212,QUITUMBE,QUITUMBE
ECOVIA SANTO TOMAS,-0.332131,-78.550483,QUITUMBE,TURUBAMBA
UE OSWALDO LOMBEYDA,-0.33654,-78.562416,QUITUMBE,GUAMANI
PARQUE SIERRA HERMOSA,-0.331545,-78.564779,QUITUMBE,GUAMANI
PARQUE SAN FRANCISCO ESMERALDA,-0.323711,-78.558682,QUITUMBE,GUAMANI
METRO MORAN VALVERDE,-0.280823,-78.548543,ELOY ALFARO,SOLANDA
CANCHA EL ROSAL,-0.2837,-78.561447,QUITUMBE,CHILLOGALLO
PARQUE SOL NACIENTE,-0.061325,-78.416659,CALDERON,CALDERON
PARQUE CARCELEN BAJO,-0.073373,-78.454583, LA DELICIA ,CARCELEN
PARADA PUSUQUI,-0.073577,-78.478832, LA DELICIA ,POMASQUI
PARADA DOS HEMISFERIOS,-0.069576,-78.470011, LA DELICIA ,POMASQUI
BOULEVARD EQUINOCCIAL,-0.006497,-78.449643, LA DELICIA ,SAN ANTONIO
BOULEVARD EQUINOCCIAL,-0.004483,-78.45157, LA DELICIA ,SAN ANTONIO
PARQUE KENNEDY,-0.111770469,-78.49136081, LA DELICIA ,PONCEANO
TROLE QUITO SUR,-0.261248,-78.53081,ELOY ALFARO,SAN BARTOLO
PARQUE CHILIBULO,-0.246233,-78.548702,ELOY ALFARO,CHILIBULO
COMUNA CHIRIBOGA,-0.2288,-78.7671,ELOY ALFARO,LLOA
PARQUE SOLANDA,-0.268526,-78.538906,ELOY ALFARO,SOLANDA
BALNEARIO CUNUYACU,-0.22921,-78.43064, TUMBACO,TUMBACO
CANCHA RUMIHUAYCO,-0.224653,-78.39626, TUMBACO,TUMBACO
PARQUE MANGAHUANTAG,-0.166896,-78.371729, TUMBACO,PUEMBO
PARQUE SAN JOSE DE PUEMBO,-0.203177,-78.344322, TUMBACO,PUEMBO
PARADA LALAGACHI,-0.150368,-78.31923, TUMBACO,YARUQUI
PARQUE VÍA LA VICTORIA,-0.107643,-78.298938, TUMBACO,EL QUINCHE
TERMINAL EL QUINCHE,-0.10771,-78.297258, TUMBACO,EL QUINCHE
PARADA REINA DEL QUINCHE,-0.111823,-78.296699, TUMBACO,EL QUINCHE
CASA BARRIAL SAN PEDRO DE LA TOLA,-0.145166,-78.302911, TUMBACO,CHECA
PARADA DE LA VILLA VEGA,-0.210467,-78.38591, TUMBACO,TUMBACO
PARADA RUMIHUAYCO,-0.227615,-78.399054, TUMBACO,TUMBACO
PARQUE PUEMBO,-0.176601,-78.36498, TUMBACO,PUEMBO
PARADA VICTOR EMILIO ESTRADA,-0.159027,-78.29426, TUMBACO,CHECA
CASA BARRIAL LA COLINA,-0.053615,-78.35159, EUGENIO ESPEJO ,GUAYLLABAMBA
PARQUE CENTRAL GUAYLLABAMBA,-0.058433,-78.345377, EUGENIO ESPEJO ,GUAYLLABAMBA
CANCHAS DEPORTIVAS SAN LUIS,-0.057532,-78.344304, EUGENIO ESPEJO ,GUAYLLABAMBA
MERCADO GUAYLLABAMBA,-0.065274,-78.361137, EUGENIO ESPEJO ,GUAYLLABAMBA
CANCHAS SAN RAFAEL,-0.051487,-78.345141, EUGENIO ESPEJO ,GUAYLLABAMBA
COLISEO PERRUCHO,0.110081,-78.425477, EUGENIO ESPEJO ,PERUCHO
COLEGIO PROCER ANTONIO AGUIRRE,0.132463,-78.371288, EUGENIO ESPEJO ,ATAHUALPA
PARQUE BELLO HORIZONTE,-0.053595,-78.425437,CALDERON,CALDERON
CENTRO DE DESARROLLO INFANTIL EL TRIUNFO,0.132548,-78.369505, EUGENIO ESPEJO ,ATAHUALPA
PUELLARO,0.066645,-78.402627, EUGENIO ESPEJO ,PUELLARO
CHAVEZPAMBA,0.124455,-78.404156, EUGENIO ESPEJO ,CHAVEZPAMBA
GUAYLLABAMBA,-0.059217,-78.346274, EUGENIO ESPEJO ,GUAYLLABAMBA
PARQUE NUEVO HORIZONTE,-0.292238,-78.57546,QUITUMBE,CHILLOGALLO
ECOVIA BENALCAZAR,-0.18123,-78.478583, EUGENIO ESPEJO ,IÑAQUITO
ECOVIA BELLAVISTA,-0.189149,-78.480356, EUGENIO ESPEJO ,IÑAQUITO
ECOVIA ELOY ALFARO,-0.184611,-78.479141, EUGENIO ESPEJO ,IÑAQUITO
UE 11 DE MARZO,-0.251219,-78.520382,ELOY ALFARO,CHIMBACALLE
PARQUE DE CHILLOGALLO,-0.276347,-78.554106,QUITUMBE,CHILLOGALLO
PARQUE TEODORO GOMEZ,-0.263568,-78.527602,ELOY ALFARO,SAN BARTOLO
ESTADIO TABABELA,-0.182752,-78.345465, TUMBACO,TABABELA
PARQUE SANTA BARBARA,-0.073077,-78.408008,CALDERON,CALDERON
PARUQE CENTRAL PUELLARO,0.065834,-78.40292, EUGENIO ESPEJO ,PUELLARO
CENTRO SALUD PUELLARO,0.065133,-78.400214, EUGENIO ESPEJO ,PUELLARO
PARQUE CHAVEZPAMBA,0.124325,-78.404101, EUGENIO ESPEJO ,CHAVEZPAMBA
PARQUE JAPON,-0.170596,-78.482262, EUGENIO ESPEJO ,IÑAQUITO
CANCHA EL CEDRO,-0.232258,-78.475389, MANUELA SAENZ,PUENGASI
CASA BARRIAL VISTA HERMOSA,-0.176369,-78.511446,LA MARISCAL,BELISARIO QUEVEDO
PARQUE PRIMERO DE MAYO,-0.255537,-78.528762,ELOY ALFARO,SAN BARTOLO
PACTO,0.141879,-78.767624,CHOCO ANDINO,PACTO
NOROCCIDENTE,0.05995,-78.682299,CHOCO ANDINO,NANEGALITO
PARQUE TABLON,-0.148047,-78.455223, EUGENIO ESPEJO ,SAN ISIDRO DEL INCA
PARQUE CENTRAL NONO,-0.065518,-78.576743,CHOCO ANDINO,NONO
PARQUE AMBROCIO ACOSTA,-0.286548,-78.562624,QUITUMBE,CHILLOGALLO
PARQUE BELLAURORA,-0.128518,-78.452178, EUGENIO ESPEJO ,SAN ISIDRO DEL INCA
PARQUE SAN JOSE DE MORAN,-0.085739,-78.439395,CALDERON,CALDERON
COMUNA SANTA ELENA,0.091622,-78.717345,CHOCO ANDINO,NANEGALITO
UE TARQUI,-0.25043,-78.516917,ELOY ALFARO,CHIMBACALLE
PARADA 4 ESQUINAS,-0.193956,-78.39641, TUMBACO,TUMBACO
LA MARISCAL,-0.20841,-78.498233, MANUELA SAENZ,ITCHIMBIA
ESCUELA GASPAR DE CARVAJAL,-0.380846,-78.370545, LOS CHILLOS,PINTAG
PARQUE LOS CHILLOS,-0.310587,-78.471947, LOS CHILLOS,CONOCOTO
PLAZA SIXTO DURAN BALLEN,-0.220269,-78.510649, MANUELA SAENZ,CENTRO HISTORICO
MIRADOR DE HUMBOLT,-0.204768,-78.527913, MANUELA SAENZ,SAN JUAN
PARQUE LOS ANGELES,-0.054914,-78.436082,CALDERON,CALDERON
LA RONDA,-0.224409,-78.513842, MANUELA SAENZ,CENTRO HISTORICO
PLAZA GRANDE 2,-0.21964,-78.512183, MANUELA SAENZ,CENTRO HISTORICO
PLAZA VICTORIA,-0.222832,-78.51915, MANUELA SAENZ,CENTRO HISTORICO
ECOVIA PLAYON MARIN 2,-0.228187,-78.506757, MANUELA SAENZ,CENTRO HISTORICO
ESCUELA ENRIQUE PONCE GANGOTENA,-0.268351,-78.348058, TUMBACO,PIFO
CEMENTERIO EL QUINCHE,-0.112939,-78.296145, TUMBACO,EL QUINCHE
PARUQE BARRIO EL PARAISO,-0.23643,-78.541191,ELOY ALFARO,CHILIBULO
